#
# There is insufficient memory for the Java Runtime Environment to continue.
# Native memory allocation (mmap) failed to map 65536 bytes. Error detail: Failed to commit metaspace.
# Possible reasons:
#   The system is out of physical RAM or swap space
#   This process is running with CompressedOops enabled, and the Java Heap may be blocking the growth of the native heap
# Possible solutions:
#   Reduce memory load on the system
#   Increase physical memory or swap space
#   Check if swap backing store is full
#   Decrease Java heap size (-Xmx/-Xms)
#   Decrease number of Java threads
#   Decrease Java thread stack sizes (-Xss)
#   Set larger code cache with -XX:ReservedCodeCacheSize=
#   JVM is running with Unscaled Compressed Oops mode in which the Java heap is
#     placed in the first 4GB address space. The Java Heap base address is the
#     maximum limit for the native heap growth. Please use -XX:HeapBaseMinAddress
#     to set the Java Heap base and to place the Java Heap above 4GB virtual address.
# This output file may be truncated or incomplete.
#
#  Out of Memory Error (virtualSpaceNode.cpp:113), pid=33872, tid=23276
#
# JRE version: OpenJDK Runtime Environment Temurin-21.0.11+10 (21.0.11+10) (build 21.0.11+10-LTS)
# Java VM: OpenJDK 64-Bit Server VM Temurin-21.0.11+10 (21.0.11+10-LTS, mixed mode, sharing, tiered, compressed oops, compressed class ptrs, parallel gc, windows-amd64)
# No core dump will be written. Minidumps are not enabled by default on client versions of Windows
#

---------------  S U M M A R Y ------------

Command Line: --add-modules=ALL-SYSTEM --add-opens=java.base/java.util=ALL-UNNAMED --add-opens=java.base/java.lang=ALL-UNNAMED --add-opens=java.base/sun.nio.fs=ALL-UNNAMED -Declipse.application=org.eclipse.jdt.ls.core.id1 -Dosgi.bundles.defaultStartLevel=4 -Declipse.product=org.eclipse.jdt.ls.core.product -Djava.import.generatesMetadataFilesAtProjectRoot=false -DDetectVMInstallationsJob.disabled=true -Dfile.encoding=utf8 -XX:+UseParallelGC -XX:GCTimeRatio=4 -XX:AdaptiveSizePolicyWeight=90 -Dsun.zip.disableMemoryMapping=true -Xmx2G -Xms100m -Xlog:disable -javaagent:c:\Users\muzammil.ahmed\.vscode\extensions\redhat.java-1.55.0-win32-x64\lombok\lombok-1.18.39-4050.jar -XX:+HeapDumpOnOutOfMemoryError -XX:HeapDumpPath=c:\Users\muzammil.ahmed\AppData\Roaming\Code\User\workspaceStorage\7e75b725c8ccc7249337d78f959017cf\redhat.java -Daether.dependencyCollector.impl=bf c:\Users\muzammil.ahmed\.vscode\extensions\redhat.java-1.55.0-win32-x64\server\plugins\org.eclipse.equinox.launcher_1.7.200.v20260619-2039.jar -configuration c:\Users\muzammil.ahmed\AppData\Roaming\Code\User\globalStorage\redhat.java\1.55.0\config_win -data c:\Users\muzammil.ahmed\AppData\Roaming\Code\User\workspaceStorage\7e75b725c8ccc7249337d78f959017cf\redhat.java\jdt_ws --pipe=\\.\pipe\lsp-d1a587ab5df226db52303b8d448d0abf-sock

Host: Intel(R) Core(TM) i5-10310U CPU @ 1.70GHz, 8 cores, 15G,  Windows 11 , 64 bit Build 26100 (10.0.26100.8737)
Time: Wed Jul 29 14:15:28 2026 Pakistan Standard Time elapsed time: 46.262035 seconds (0d 0h 0m 46s)

---------------  T H R E A D  ---------------

Current thread (0x000001ee214d1100):  JavaThread "Connection worker"        [_thread_in_vm, id=23276, stack(0x0000007be6f00000,0x0000007be7000000) (1024K)]

Stack: [0x0000007be6f00000,0x0000007be7000000]
Native frames: (J=compiled Java code, j=interpreted, Vv=VM code, C=native code)
V  [jvm.dll+0x6d7e19]
V  [jvm.dll+0x8b5096]
V  [jvm.dll+0x8b764e]
V  [jvm.dll+0x8b7d33]
V  [jvm.dll+0x284596]
V  [jvm.dll+0x8b0dde]
V  [jvm.dll+0x6795e4]
V  [jvm.dll+0x1e849b]
V  [jvm.dll+0x1e825e]
V  [jvm.dll+0x67bee2]
V  [jvm.dll+0x67bd12]
V  [jvm.dll+0x679fbe]
V  [jvm.dll+0x3c7603]
V  [jvm.dll+0x2118db]
V  [jvm.dll+0x5b65b9]
V  [jvm.dll+0x82f1bd]
V  [jvm.dll+0x47963e]
V  [jvm.dll+0x48c9b6]
C  [java.dll+0x1657]

Java frames: (J=compiled Java code, j=interpreted, Vv=VM code)
J 923  java.lang.ClassLoader.defineClass0(Ljava/lang/ClassLoader;Ljava/lang/Class;Ljava/lang/String;[BIILjava/security/ProtectionDomain;ZILjava/lang/Object;)Ljava/lang/Class; java.base@21.0.11 (0 bytes) @ 0x000001edcadcb53c [0x000001edcadcb440+0x00000000000000fc]
J 3127 c1 java.lang.System$2.defineClass(Ljava/lang/ClassLoader;Ljava/lang/Class;Ljava/lang/String;[BLjava/security/ProtectionDomain;ZILjava/lang/Object;)Ljava/lang/Class; java.base@21.0.11 (21 bytes) @ 0x000001edc38b82f4 [0x000001edc38b8240+0x00000000000000b4]
J 3126 c1 java.lang.invoke.MethodHandles$Lookup$ClassDefiner.defineClass(ZLjava/lang/Object;)Ljava/lang/Class; java.base@21.0.11 (213 bytes) @ 0x000001edc38b75f4 [0x000001edc38b70a0+0x0000000000000554]
J 5272 c1 java.lang.invoke.InvokerBytecodeGenerator.loadMethod([B)Ljava/lang/invoke/MemberName; java.base@21.0.11 (39 bytes) @ 0x000001edc33ac60c [0x000001edc33ac480+0x000000000000018c]
J 3180 c1 java.lang.invoke.InvokerBytecodeGenerator.generateCustomizedCode(Ljava/lang/invoke/LambdaForm;Ljava/lang/invoke/MethodType;)Ljava/lang/invoke/MemberName; java.base@21.0.11 (34 bytes) @ 0x000001edc38cfe34 [0x000001edc38cfc80+0x00000000000001b4]
J 1905 c1 java.lang.invoke.LambdaForm.compileToBytecode()V java.base@21.0.11 (164 bytes) @ 0x000001edc3601ff4 [0x000001edc3601e00+0x00000000000001f4]
j  java.lang.invoke.DirectMethodHandle.makePreparedLambdaForm(Ljava/lang/invoke/MethodType;I)Ljava/lang/invoke/LambdaForm;+750 java.base@21.0.11
J 1607 c1 java.lang.invoke.DirectMethodHandle.preparedLambdaForm(Ljava/lang/invoke/MemberName;Z)Ljava/lang/invoke/LambdaForm; java.base@21.0.11 (244 bytes) @ 0x000001edc35586b4 [0x000001edc3557d00+0x00000000000009b4]
J 2000 c1 java.lang.invoke.DirectMethodHandle.make(BLjava/lang/Class;Ljava/lang/invoke/MemberName;Ljava/lang/Class;)Ljava/lang/invoke/DirectMethodHandle; java.base@21.0.11 (275 bytes) @ 0x000001edc3633a8c [0x000001edc3632ea0+0x0000000000000bec]
J 2763 c1 java.lang.invoke.MethodHandles$Lookup.getDirectMethodCommon(BLjava/lang/Class;Ljava/lang/invoke/MemberName;ZZLjava/lang/invoke/MethodHandles$Lookup;)Ljava/lang/invoke/MethodHandle; java.base@21.0.11 (300 bytes) @ 0x000001edc37df004 [0x000001edc37de600+0x0000000000000a04]
j  java.lang.invoke.MethodHandles$Lookup.getDirectMethod(BLjava/lang/Class;Ljava/lang/invoke/MemberName;Ljava/lang/invoke/MethodHandles$Lookup;)Ljava/lang/invoke/MethodHandle;+14 java.base@21.0.11
j  java.lang.invoke.MethodHandles$Lookup.findVirtual(Ljava/lang/Class;Ljava/lang/String;Ljava/lang/invoke/MethodType;)Ljava/lang/invoke/MethodHandle;+87 java.base@21.0.11
j  java.lang.invoke.MethodHandleImpl$1.findVirtual(Ljava/lang/Class;Ljava/lang/String;Ljava/lang/invoke/MethodType;)Ljava/lang/invoke/MethodHandle;+6 java.base@21.0.11
j  jdk.internal.reflect.MethodHandleAccessorFactory.getDirectMethod(Ljava/lang/reflect/Method;Z)Ljava/lang/invoke/MethodHandle;+59 java.base@21.0.11
j  jdk.internal.reflect.MethodHandleAccessorFactory.newMethodAccessor(Ljava/lang/reflect/Method;Z)Ljdk/internal/reflect/MethodAccessorImpl;+41 java.base@21.0.11
j  jdk.internal.reflect.ReflectionFactory.newMethodAccessor(Ljava/lang/reflect/Method;Z)Ljdk/internal/reflect/MethodAccessor;+28 java.base@21.0.11
j  java.lang.reflect.Method.acquireMethodAccessor()Ljdk/internal/reflect/MethodAccessor;+38 java.base@21.0.11
J 1536 c1 java.lang.reflect.Method.invoke(Ljava/lang/Object;[Ljava/lang/Object;)Ljava/lang/Object; java.base@21.0.11 (108 bytes) @ 0x000001edc353bb74 [0x000001edc353b840+0x0000000000000334]
j  org.gradle.internal.reflect.JavaMethod.invoke(Ljava/lang/Object;[Ljava/lang/Object;)Ljava/lang/Object;+6
j  org.gradle.internal.service.ReflectionBasedServiceMethod.invoke(Ljava/lang/Object;[Ljava/lang/Object;)Ljava/lang/Object;+6
j  org.gradle.internal.service.DefaultServiceRegistry$FactoryMethodService.invokeMethod([Ljava/lang/Object;)Ljava/lang/Object;+28
j  org.gradle.internal.service.DefaultServiceRegistry$FactoryService.createServiceInstance()Ljava/lang/Object;+7
j  org.gradle.internal.service.DefaultServiceRegistry$FactoryMethodService.createServiceInstance()Ljava/lang/Object;+1
j  org.gradle.internal.service.DefaultServiceRegistry$ManagedObjectServiceProvider.getInstance()Ljava/lang/Object;+24
j  org.gradle.internal.service.DefaultServiceRegistry$SingletonService.get()Ljava/lang/Object;+1
j  org.gradle.internal.service.DefaultServiceRegistry$FactoryService.assembleParameters()[Ljava/lang/Object;+44
j  org.gradle.internal.service.DefaultServiceRegistry$FactoryService.createServiceInstance()Ljava/lang/Object;+1
j  org.gradle.internal.service.DefaultServiceRegistry$FactoryMethodService.createServiceInstance()Ljava/lang/Object;+1
j  org.gradle.internal.service.DefaultServiceRegistry$ManagedObjectServiceProvider.getInstance()Ljava/lang/Object;+24
j  org.gradle.internal.service.DefaultServiceRegistry$SingletonService.get()Ljava/lang/Object;+1
j  org.gradle.internal.service.DefaultServiceRegistry.find(Ljava/lang/reflect/Type;)Ljava/lang/Object;+22
j  org.gradle.internal.service.DefaultServiceRegistry.get(Ljava/lang/reflect/Type;)Ljava/lang/Object;+2
j  org.gradle.internal.service.DefaultServiceRegistry.get(Ljava/lang/Class;)Ljava/lang/Object;+3
j  org.gradle.tooling.internal.provider.DefaultConnection.initializeServices(Ljava/io/File;)V+75
j  org.gradle.tooling.internal.provider.DefaultConnection.configure(Lorg/gradle/tooling/internal/protocol/ConnectionParameters;)V+46
j  org.gradle.tooling.internal.consumer.connection.AbstractPost12ConsumerConnection.configure(Lorg/gradle/tooling/internal/consumer/ConnectionParameters;)V+5
j  org.gradle.tooling.internal.consumer.loader.DefaultToolingImplementationLoader.createConnection(Lorg/gradle/tooling/internal/consumer/connection/AbstractConsumerConnection;Lorg/gradle/tooling/internal/consumer/ConnectionParameters;)Lorg/gradle/tooling/internal/consumer/connection/ConsumerConnection;+2
j  org.gradle.tooling.internal.consumer.loader.DefaultToolingImplementationLoader.create(Lorg/gradle/tooling/internal/consumer/Distribution;Lorg/gradle/internal/logging/progress/ProgressLoggerFactory;Lorg/gradle/tooling/internal/protocol/InternalBuildProgressListener;Lorg/gradle/tooling/internal/consumer/ConnectionParameters;Lorg/gradle/initialization/BuildCancellationToken;)Lorg/gradle/tooling/internal/consumer/connection/ConsumerConnection;+133
j  org.gradle.tooling.internal.consumer.loader.CachingToolingImplementationLoader$ConsumerConnectionCreator.call()Lorg/gradle/tooling/internal/consumer/connection/ConsumerConnection;+27
j  org.gradle.tooling.internal.consumer.loader.CachingToolingImplementationLoader$ConsumerConnectionCreator.call()Ljava/lang/Object;+1
j  org.gradle.internal.impldep.com.google.common.cache.LocalCache$LocalManualCache$1.load(Ljava/lang/Object;)Ljava/lang/Object;+4
j  org.gradle.internal.impldep.com.google.common.cache.LocalCache$LoadingValueReference.loadFuture(Ljava/lang/Object;Lorg/gradle/internal/impldep/com/google/common/cache/CacheLoader;)Lorg/gradle/internal/impldep/com/google/common/util/concurrent/ListenableFuture;+24
j  org.gradle.internal.impldep.com.google.common.cache.LocalCache$Segment.loadSync(Ljava/lang/Object;ILorg/gradle/internal/impldep/com/google/common/cache/LocalCache$LoadingValueReference;Lorg/gradle/internal/impldep/com/google/common/cache/CacheLoader;)Ljava/lang/Object;+4
j  org.gradle.internal.impldep.com.google.common.cache.LocalCache$Segment.lockedGetOrLoad(Ljava/lang/Object;ILorg/gradle/internal/impldep/com/google/common/cache/CacheLoader;)Ljava/lang/Object;+393
j  org.gradle.internal.impldep.com.google.common.cache.LocalCache$Segment.get(Ljava/lang/Object;ILorg/gradle/internal/impldep/com/google/common/cache/CacheLoader;)Ljava/lang/Object;+138
j  org.gradle.internal.impldep.com.google.common.cache.LocalCache.get(Ljava/lang/Object;Lorg/gradle/internal/impldep/com/google/common/cache/CacheLoader;)Ljava/lang/Object;+17
j  org.gradle.internal.impldep.com.google.common.cache.LocalCache$LocalManualCache.get(Ljava/lang/Object;Ljava/util/concurrent/Callable;)Ljava/lang/Object;+19
j  org.gradle.tooling.internal.consumer.loader.CachingToolingImplementationLoader.create(Lorg/gradle/tooling/internal/consumer/Distribution;Lorg/gradle/internal/logging/progress/ProgressLoggerFactory;Lorg/gradle/tooling/internal/protocol/InternalBuildProgressListener;Lorg/gradle/tooling/internal/consumer/ConnectionParameters;Lorg/gradle/initialization/BuildCancellationToken;)Lorg/gradle/tooling/internal/consumer/connection/ConsumerConnection;+35
j  org.gradle.tooling.internal.consumer.loader.SynchronizedToolingImplementationLoader.create(Lorg/gradle/tooling/internal/consumer/Distribution;Lorg/gradle/internal/logging/progress/ProgressLoggerFactory;Lorg/gradle/tooling/internal/protocol/InternalBuildProgressListener;Lorg/gradle/tooling/internal/consumer/ConnectionParameters;Lorg/gradle/initialization/BuildCancellationToken;)Lorg/gradle/tooling/internal/consumer/connection/ConsumerConnection;+23
j  org.gradle.tooling.internal.consumer.connection.LazyConsumerActionExecutor.onStartAction(Lorg/gradle/initialization/BuildCancellationToken;Lorg/gradle/tooling/internal/protocol/InternalBuildProgressListener;)Lorg/gradle/tooling/internal/consumer/connection/ConsumerConnection;+72
j  org.gradle.tooling.internal.consumer.connection.LazyConsumerActionExecutor.run(Lorg/gradle/tooling/internal/consumer/connection/ConsumerAction;)Ljava/lang/Object;+26
j  org.gradle.tooling.internal.consumer.connection.CancellableConsumerActionExecutor.run(Lorg/gradle/tooling/internal/consumer/connection/ConsumerAction;)Ljava/lang/Object;+34
j  org.gradle.tooling.internal.consumer.connection.ProgressLoggingConsumerActionExecutor.run(Lorg/gradle/tooling/internal/consumer/connection/ConsumerAction;)Ljava/lang/Object;+78
j  org.gradle.tooling.internal.consumer.connection.RethrowingErrorsConsumerActionExecutor.run(Lorg/gradle/tooling/internal/consumer/connection/ConsumerAction;)Ljava/lang/Object;+5
j  org.gradle.tooling.internal.consumer.async.DefaultAsyncConsumerActionExecutor$1$1.run()V+17
j  org.gradle.internal.concurrent.ExecutorPolicy$CatchAndRecordFailures.onExecute(Ljava/lang/Runnable;)V+1
j  org.gradle.internal.concurrent.AbstractManagedExecutor$1.run()V+25
j  java.util.concurrent.ThreadPoolExecutor.runWorker(Ljava/util/concurrent/ThreadPoolExecutor$Worker;)V+92 java.base@21.0.11
j  java.util.concurrent.ThreadPoolExecutor$Worker.run()V+5 java.base@21.0.11
j  java.lang.Thread.runWith(Ljava/lang/Object;Ljava/lang/Runnable;)V+5 java.base@21.0.11
j  java.lang.Thread.run()V+19 java.base@21.0.11
v  ~StubRoutines::call_stub 0x000001edca7d100d

Compiled method (n/a) 46355  923     n 0       java.lang.ClassLoader::defineClass0 (native)
 total in heap  [0x000001edcadcb290,0x000001edcadcb748] = 1208
 relocation     [0x000001edcadcb3f0,0x000001edcadcb428] = 56
 main code      [0x000001edcadcb440,0x000001edcadcb741] = 769
 stub code      [0x000001edcadcb741,0x000001edcadcb748] = 7

[Constant Pool (empty)]

[MachCode]
[Entry Point]
  # {method} {0x000001edd7434420} 'defineClass0' '(Ljava/lang/ClassLoader;Ljava/lang/Class;Ljava/lang/String;[BIILjava/security/ProtectionDomain;ZILjava/lang/Object;)Ljava/lang/Class;' in 'java/lang/ClassLoader'
  # parm0:    rdx:rdx   = 'java/lang/ClassLoader'
  # parm1:    r8:r8     = 'java/lang/Class'
  # parm2:    r9:r9     = 'java/lang/String'
  # parm3:    rdi:rdi   = '[B'
  # parm4:    rsi       = int
  # parm5:    rcx       = int
  # parm6:    [sp+0xb0]   = 'java/security/ProtectionDomain'  (sp of caller)
  # parm7:    [sp+0xb8]   = boolean
  # parm8:    [sp+0xc0]   = int
  # parm9:    [sp+0xc8]   = 'java/lang/Object'
  0x000001edcadcb440: 448b 5208 | 49bb 0000 | 00d7 ed01 | 0000 4d03 | d349 3bc2 | 0f84 0600 

  0x000001edcadcb458: ;   {runtime_call ic_miss_stub}
  0x000001edcadcb458: 0000 e921 | 30a5 ff90 
[Verified Entry Point]
  0x000001edcadcb460: 8984 2400 | 80ff ff55 | 488b ec48 | 81ec a000 | 0000 6690 | 4181 7f20 | 0300 0000 

  0x000001edcadcb47c: ;   {runtime_call StubRoutines (final stubs)}
  0x000001edcadcb47c: 7405 e85d | d5a3 ff48 | 837d 2800 | 488d 4528 | 480f 4445 | 2848 8944 | 2458 4863 | 4520 4889 
  0x000001edcadcb49c: 4424 5048 | 6345 1848 | 8944 2448 | 4883 7d10 | 0048 8d45 | 1048 0f44 | 4510 4889 | 4424 4048 
  0x000001edcadcb4bc: 894c 2438 | 4889 7424 | 3048 897c | 2478 4883 | ff00 488d | 4424 7848 | 0f44 4424 | 7848 8944 
  0x000001edcadcb4dc: 2428 4c89 | 4c24 7049 | 83f9 0048 | 8d44 2470 | 480f 4444 | 2470 4889 | 4424 204c | 8944 2468 
  0x000001edcadcb4fc: 4983 f800 | 4c8d 4c24 | 684c 0f44 | 4c24 6848 | 8954 2460 | 4883 fa00 | 4c8d 4424 | 604c 0f44 
  0x000001edcadcb51c: ;   {oop(a 'java/lang/Class'{0x00000000807e95a8} = 'java/lang/ClassLoader')}
  0x000001edcadcb51c: 4424 6049 | bea8 957e | 8000 0000 | 004c 89b4 | 2490 0000 | 004c 8db4 | 2490 0000 | 0049 8bd6 
  0x000001edcadcb53c: ;   {internal_word}
  0x000001edcadcb53c: c5f8 7749 | ba3c b5dc | caed 0100 | 004d 8997 | a803 0000 | 4989 a7a0 

  0x000001edcadcb554: ;   {external_word}
  0x000001edcadcb554: 0300 0049 | bac6 6c81 | 74fc 7f00 | 0041 803a | 000f 844e | 0000 0052 | 4150 4151 

  0x000001edcadcb570: ;   {metadata({method} {0x000001edd7434420} 'defineClass0' '(Ljava/lang/ClassLoader;Ljava/lang/Class;Ljava/lang/String;[BIILjava/security/ProtectionDomain;ZILjava/lang/Object;)Ljava/lang/Class;' in 'java/lang/ClassLoader')}
  0x000001edcadcb570: 48ba 1844 | 43d7 ed01 | 0000 498b | cf48 83ec | 2040 f6c4 | 0f0f 8419 | 0000 0048 

  0x000001edcadcb58c: ;   {runtime_call}
  0x000001edcadcb58c: 83ec 0848 | b820 e52a | 74fc 7f00 | 00ff d048 | 83c4 08e9 | 0c00 0000 

  0x000001edcadcb5a4: ;   {runtime_call}
  0x000001edcadcb5a4: 48b8 20e5 | 2a74 fc7f | 0000 ffd0 | 4883 c420 | 4159 4158 | 5a49 8d8f | c003 0000 | 41c7 874c 
  0x000001edcadcb5c4: 0400 0004 

  0x000001edcadcb5c8: ;   {runtime_call}
  0x000001edcadcb5c8: 0000 0048 | b81c 156e | 44fd 7f00 | 00ff d0c5 | f877 41c7 | 874c 0400 | 0005 0000 | 00f0 8344 
  0x000001edcadcb5e8: 24c0 0049 | 3baf 5004 | 0000 0f87 | 0e00 0000 | 4183 bf48 | 0400 0000 | 0f84 2b00 | 0000 c5f8 
  0x000001edcadcb608: 7748 8945 | f849 8bcf | 4c8b e448 | 83ec 2048 

  0x000001edcadcb618: ;   {runtime_call}
  0x000001edcadcb618: 83e4 f048 | b8e0 53f6 | 73fc 7f00 | 00ff d049 | 8be4 4d33 | e448 8b45 | f841 c787 | 4c04 0000 
  0x000001edcadcb638: 0800 0000 | 4183 bfc8 | 0400 0002 | 0f84 ca00 

  0x000001edcadcb648: ;   {external_word}
  0x000001edcadcb648: 0000 49ba | c66c 8174 | fc7f 0000 | 4180 3a00 | 0f84 4c00 | 0000 4889 

  0x000001edcadcb660: ;   {metadata({method} {0x000001edd7434420} 'defineClass0' '(Ljava/lang/ClassLoader;Ljava/lang/Class;Ljava/lang/String;[BIILjava/security/ProtectionDomain;ZILjava/lang/Object;)Ljava/lang/Class;' in 'java/lang/ClassLoader')}
  0x000001edcadcb660: 45f8 48ba | 1844 43d7 | ed01 0000 | 498b cf48 | 83ec 2040 | f6c4 0f0f | 8419 0000 | 0048 83ec 
  0x000001edcadcb680: ;   {runtime_call}
  0x000001edcadcb680: 0848 b820 | e52a 74fc | 7f00 00ff | d048 83c4 | 08e9 0c00 

  0x000001edcadcb694: ;   {runtime_call}
  0x000001edcadcb694: 0000 48b8 | 20e5 2a74 | fc7f 0000 | ffd0 4883 | c420 488b | 45f8 49c7 | 87a0 0300 | 0000 0000 
  0x000001edcadcb6b4: 0049 c787 | a803 0000 | 0000 0000 | c5f8 7748 | 85c0 0f84 | 2500 0000 | a803 0f85 | 0800 0000 
  0x000001edcadcb6d4: 488b 00e9 | 1500 0000 | a801 0f85 | 0900 0000 | 488b 40fe | e904 0000 | 0048 8b40 | ff49 8b8f 
  0x000001edcadcb6f4: 3004 0000 | c781 0001 | 0000 0000 | 0000 c949 | 837f 0800 | 0f85 0100 

  0x000001edcadcb70c: ;   {runtime_call StubRoutines (initial stubs)}
  0x000001edcadcb70c: 0000 c3e9 | ec57 a0ff | c5f8 7748 | 8945 f84c | 8be4 4883 | ec20 4883 

  0x000001edcadcb724: ;   {runtime_call}
  0x000001edcadcb724: e4f0 48b8 | 701c 2b74 | fc7f 0000 | ffd0 498b | e44d 33e4 | 488b 45f8 | e909 ffff | fff4 f4f4 
  0x000001edcadcb744: f4f4 f4f4 
[/MachCode]


Compiled method (c1) 46391 3127       3       java.lang.System$2::defineClass (21 bytes)
 total in heap  [0x000001edc38b8090,0x000001edc38b8470] = 992
 relocation     [0x000001edc38b81f0,0x000001edc38b8230] = 64
 main code      [0x000001edc38b8240,0x000001edc38b8378] = 312
 stub code      [0x000001edc38b8378,0x000001edc38b83b8] = 64
 metadata       [0x000001edc38b83b8,0x000001edc38b83c0] = 8
 scopes data    [0x000001edc38b83c0,0x000001edc38b8408] = 72
 scopes pcs     [0x000001edc38b8408,0x000001edc38b8458] = 80
 dependencies   [0x000001edc38b8458,0x000001edc38b8460] = 8
 nul chk table  [0x000001edc38b8460,0x000001edc38b8470] = 16

[Constant Pool (empty)]

[MachCode]
[Entry Point]
  # {method} {0x000001edd7019588} 'defineClass' '(Ljava/lang/ClassLoader;Ljava/lang/Class;Ljava/lang/String;[BLjava/security/ProtectionDomain;ZILjava/lang/Object;)Ljava/lang/Class;' in 'java/lang/System$2'
  # this:     rdx:rdx   = 'java/lang/System$2'
  # parm0:    r8:r8     = 'java/lang/ClassLoader'
  # parm1:    r9:r9     = 'java/lang/Class'
  # parm2:    rdi:rdi   = 'java/lang/String'
  # parm3:    rsi:rsi   = '[B'
  # parm4:    rcx:rcx   = 'java/security/ProtectionDomain'
  # parm5:    [sp+0x70]   = boolean  (sp of caller)
  # parm6:    [sp+0x78]   = int
  # parm7:    [sp+0x80]   = 'java/lang/Object'
  0x000001edc38b8240: 448b 5208 | 49bb 0000 | 00d7 ed01 | 0000 4d03 | d34c 3bd0 

  0x000001edc38b8254: ;   {runtime_call ic_miss_stub}
  0x000001edc38b8254: 0f85 2662 | f606 660f | 1f44 0000 
[Verified Entry Point]
  0x000001edc38b8260: 8984 2400 | 80ff ff55 | 4883 ec60 | 4181 7f20 | 0300 0000 

  0x000001edc38b8274: ;   {runtime_call StubRoutines (final stubs)}
  0x000001edc38b8274: 7405 e865 | 07f5 0648 

  0x000001edc38b827c: ;   {metadata(method data for {method} {0x000001edd7019588} 'defineClass' '(Ljava/lang/ClassLoader;Ljava/lang/Class;Ljava/lang/String;[BLjava/security/ProtectionDomain;ZILjava/lang/Object;)Ljava/lang/Class;' in 'java/lang/System$2')}
  0x000001edc38b827c: 8bd9 48b9 | 20b2 bd1a | ee01 0000 | 8b81 cc00 | 0000 83c0 | 0289 81cc | 0000 0025 | fe07 0000 
  0x000001edc38b829c: 85c0 0f84 | 6b00 0000 | 4c8b ac24 | 8000 0000 | 448b 5c24 | 788b 4424 | 708b 4e0c 

  0x000001edc38b82b8: ;   {metadata(method data for {method} {0x000001edd7019588} 'defineClass' '(Ljava/lang/ClassLoader;Ljava/lang/Class;Ljava/lang/String;[BLjava/security/ProtectionDomain;ZILjava/lang/Object;)Ljava/lang/Class;' in 'java/lang/System$2')}
  0x000001edc38b82b8: 48ba 20b2 | bd1a ee01 | 0000 4883 | 8210 0100 | 0001 498b | d04d 8bc1 | 4c8b cf48 | 8bfe be00 
  0x000001edc38b82d8: 0000 0048 | 891c 2489 | 4424 0844 | 895c 2410 | 4c89 6c24 

  0x000001edc38b82ec: ;   {static_call}
  0x000001edc38b82ec: 1866 90e8 

  0x000001edc38b82f0: ; ImmutableOopMap {}
                      ;*invokestatic defineClass0 {reexecute=0 rethrow=0 return_oop=0}
                      ; - java.lang.System$2::defineClass@17
  0x000001edc38b82f0: 6c31 5107 

  0x000001edc38b82f4: ;   {other}
  0x000001edc38b82f4: 0f1f 8400 | 6402 0000 | 4883 c460 

  0x000001edc38b8300: ;   {poll_return}
  0x000001edc38b8300: 5d49 3ba7 | 5004 0000 | 0f87 2700 

  0x000001edc38b830c: ;   {metadata({method} {0x000001edd7019588} 'defineClass' '(Ljava/lang/ClassLoader;Ljava/lang/Class;Ljava/lang/String;[BLjava/security/ProtectionDomain;ZILjava/lang/Object;)Ljava/lang/Class;' in 'java/lang/System$2')}
  0x000001edc38b830c: 0000 c349 | ba80 9501 | d7ed 0100 | 004c 8954 | 2408 48c7 | 0424 ffff 

  0x000001edc38b8324: ;   {runtime_call counter_overflow Runtime1 stub}
  0x000001edc38b8324: ffff e855 

  0x000001edc38b8328: ; ImmutableOopMap {rdx=Oop r8=Oop r9=Oop rdi=Oop rsi=Oop rbx=Oop [128]=Oop }
                      ;*synchronization entry
                      ; - java.lang.System$2::defineClass@-1
  0x000001edc38b8328: a901 07e9 | 74ff ffff 

  0x000001edc38b8330: ;   {runtime_call throw_null_pointer_exception Runtime1 stub}
  0x000001edc38b8330: e8cb 6c01 

  0x000001edc38b8334: ; ImmutableOopMap {r8=Oop r9=Oop rdi=Oop rsi=Oop rbx=Oop r13=Oop [128]=Oop }
                      ;*arraylength {reexecute=0 rethrow=0 return_oop=0}
                      ; - java.lang.System$2::defineClass@8
                      ;   {internal_word}
  0x000001edc38b8334: 0749 ba01 | 838b c3ed | 0100 004d | 8997 6804 

  0x000001edc38b8344: ;   {runtime_call SafepointBlob}
  0x000001edc38b8344: 0000 e9b5 | c7f6 0649 | 8b87 0005 | 0000 49c7 | 8700 0500 | 0000 0000 | 0049 c787 | 0805 0000 
  0x000001edc38b8364: 0000 0000 | 4883 c460 

  0x000001edc38b836c: ;   {runtime_call unwind_exception Runtime1 stub}
  0x000001edc38b836c: 5de9 8e72 | f806 f4f4 | f4f4 f4f4 
[Stub Code]
  0x000001edc38b8378: ;   {no_reloc}
  0x000001edc38b8378: 48bb 0000 | 0000 0000 

  0x000001edc38b8380: ;   {runtime_call nmethod}
  0x000001edc38b8380: 0000 e9fb 

  0x000001edc38b8384: ;   {runtime_call handle_exception_from_callee Runtime1 stub}
  0x000001edc38b8384: ffff ffe8 | 7457 0107 

  0x000001edc38b838c: ;   {external_word}
  0x000001edc38b838c: 48b9 4063 | 5774 fc7f | 0000 4883 

  0x000001edc38b8398: ;   {runtime_call}
  0x000001edc38b8398: e4f0 48b8 | d0c4 1974 | fc7f 0000 

  0x000001edc38b83a4: ;   {section_word}
  0x000001edc38b83a4: ffd0 f449 | baa7 838b | c3ed 0100 

  0x000001edc38b83b0: ;   {runtime_call DeoptimizationBlob}
  0x000001edc38b83b0: 0041 52e9 | e8b9 f606 
[/MachCode]


Compiled method (c1) 46412 3126   !   3       java.lang.invoke.MethodHandles$Lookup$ClassDefiner::defineClass (213 bytes)
 total in heap  [0x000001edc38b6e10,0x000001edc38b8060] = 4688
 relocation     [0x000001edc38b6f70,0x000001edc38b7090] = 288
 main code      [0x000001edc38b70a0,0x000001edc38b7ad0] = 2608
 stub code      [0x000001edc38b7ad0,0x000001edc38b7b48] = 120
 metadata       [0x000001edc38b7b48,0x000001edc38b7bd0] = 136
 scopes data    [0x000001edc38b7bd0,0x000001edc38b7de8] = 536
 scopes pcs     [0x000001edc38b7de8,0x000001edc38b7fa8] = 448
 dependencies   [0x000001edc38b7fa8,0x000001edc38b7fd0] = 40
 handler table  [0x000001edc38b7fd0,0x000001edc38b8018] = 72
 nul chk table  [0x000001edc38b8018,0x000001edc38b8060] = 72

[Constant Pool (empty)]

[MachCode]
[Entry Point]
  # {method} {0x000001edd71eace0} 'defineClass' '(ZLjava/lang/Object;)Ljava/lang/Class;' in 'java/lang/invoke/MethodHandles$Lookup$ClassDefiner'
  # this:     rdx:rdx   = 'java/lang/invoke/MethodHandles$Lookup$ClassDefiner'
  # parm0:    r8        = boolean
  # parm1:    r9:r9     = 'java/lang/Object'
  #           [sp+0xf0]  (sp of caller)
  0x000001edc38b70a0: 448b 5208 | 49bb 0000 | 00d7 ed01 | 0000 4d03 | d34c 3bd0 

  0x000001edc38b70b4: ;   {runtime_call ic_miss_stub}
  0x000001edc38b70b4: 0f85 c673 | f606 660f | 1f44 0000 
[Verified Entry Point]
  0x000001edc38b70c0: 8984 2400 | 80ff ff55 | 4881 ece0 | 0000 0090 | 4181 7f20 | 0300 0000 

  0x000001edc38b70d8: ;   {runtime_call StubRoutines (final stubs)}
  0x000001edc38b70d8: 7405 e801 | 19f5 0648 | 8994 2498 | 0000 0044 | 8984 24b0 | 0000 004c | 898c 24b8 

  0x000001edc38b70f4: ;   {metadata(method data for {method} {0x000001edd71eace0} 'defineClass' '(ZLjava/lang/Object;)Ljava/lang/Class;' in 'java/lang/invoke/MethodHandles$Lookup$ClassDefiner')}
  0x000001edc38b70f4: 0000 0048 | bef8 a6bd | 1aee 0100 | 008b becc | 0000 0083 | c702 89be | cc00 0000 | 81e7 fe07 
  0x000001edc38b7114: 0000 85ff | 0f84 6307 | 0000 8b72 | 1048 89b4 | 2490 0000 | 0048 3b06 

  0x000001edc38b712c: ;   {metadata(method data for {method} {0x000001edd71eace0} 'defineClass' '(ZLjava/lang/Object;)Ljava/lang/Class;' in 'java/lang/invoke/MethodHandles$Lookup$ClassDefiner')}
  0x000001edc38b712c: 488b fe48 | bbf8 a6bd | 1aee 0100 | 0048 8383 | 1001 0000 | 018b 7e10 | 4889 bc24 | a800 0000 
  0x000001edc38b714c: ; implicit exception: dispatches to 0x000001edc38b78a7
  0x000001edc38b714c: 483b 0748 

  0x000001edc38b7150: ;   {metadata(method data for {method} {0x000001edd71eace0} 'defineClass' '(ZLjava/lang/Object;)Ljava/lang/Class;' in 'java/lang/invoke/MethodHandles$Lookup$ClassDefiner')}
  0x000001edc38b7150: 8bdf 48b8 | f8a6 bd1a | ee01 0000 | 4883 8048 | 0100 0001 

  0x000001edc38b7164: ;   {metadata(method data for {method} {0x000001edd7468c70} 'getClassLoader' '()Ljava/lang/ClassLoader;' in 'java/lang/Class')}
  0x000001edc38b7164: 48bb 3043 | 021a ee01 | 0000 8b83 | cc00 0000 | 83c0 0289 | 83cc 0000 | 0025 feff | 1f00 85c0 
  0x000001edc38b7184: 0f84 2207 | 0000 8b5f | 3448 85db 

  0x000001edc38b7190: ;   {metadata(method data for {method} {0x000001edd7468c70} 'getClassLoader' '()Ljava/lang/ClassLoader;' in 'java/lang/Class')}
  0x000001edc38b7190: 48b8 3043 | 021a ee01 | 0000 48c7 | c110 0100 | 0075 0748 | c7c1 2001 | 0000 4c8b | 1c08 4d8d 
  0x000001edc38b71b0: 5b01 4c89 | 1c08 0f85 | 0f00 0000 

  0x000001edc38b71bc: ;   {oop(nullptr)}
  0x000001edc38b71bc: 48bb 0000 | 0000 0000 | 0000 e9a2 

  0x000001edc38b71c8: ;   {metadata(method data for {method} {0x000001edd7468c70} 'getClassLoader' '()Ljava/lang/ClassLoader;' in 'java/lang/Class')}
  0x000001edc38b71c8: 0000 0048 | b830 4302 | 1aee 0100 | 0048 8380 | 3001 0000 

  0x000001edc38b71dc: ;   {metadata(method data for {method} {0x000001edd701b1d0} 'getSecurityManager' '()Ljava/lang/SecurityManager;' in 'java/lang/System')}
  0x000001edc38b71dc: 0148 b8f0 | 4402 1aee | 0100 008b | 88cc 0000 | 0083 c102 | 8988 cc00 | 0000 81e1 | feff 1f00 
  0x000001edc38b71fc: 85c9 0f84 | c906 0000 

  0x000001edc38b7204: ;   {metadata(method data for {method} {0x000001edd701b1d0} 'getSecurityManager' '()Ljava/lang/SecurityManager;' in 'java/lang/System')}
  0x000001edc38b7204: 48b8 f044 | 021a ee01 | 0000 4883 | 8010 0100 

  0x000001edc38b7214: ;   {metadata(method data for {method} {0x000001edd701b2e8} 'allowSecurityManager' '()Z' in 'java/lang/System')}
  0x000001edc38b7214: 0001 48b8 | 6846 021a | ee01 0000 | 8b88 cc00 | 0000 83c1 | 0289 88cc | 0000 0081 | e1fe ff1f 
  0x000001edc38b7234: 0085 c90f | 84b1 0600 

  0x000001edc38b723c: ;   {metadata(method data for {method} {0x000001edd701b2e8} 'allowSecurityManager' '()Z' in 'java/lang/System')}
  0x000001edc38b723c: 0048 b868 | 4602 1aee | 0100 00ff | 8010 0100 

  0x000001edc38b724c: ;   {metadata(method data for {method} {0x000001edd701b1d0} 'getSecurityManager' '()Ljava/lang/SecurityManager;' in 'java/lang/System')}
  0x000001edc38b724c: 0048 b8f0 | 4402 1aee | 0100 00ff | 8020 0100 

  0x000001edc38b725c: ;   {metadata(method data for {method} {0x000001edd7468c70} 'getClassLoader' '()Ljava/lang/ClassLoader;' in 'java/lang/Class')}
  0x000001edc38b725c: 0048 b830 | 4302 1aee | 0100 00ff | 8040 0100 | 0048 85db 

  0x000001edc38b7270: ;   {metadata(method data for {method} {0x000001edd71eace0} 'defineClass' '(ZLjava/lang/Object;)Ljava/lang/Class;' in 'java/lang/invoke/MethodHandles$Lookup$ClassDefiner')}
  0x000001edc38b7270: 48b8 f8a6 | bd1a ee01 | 0000 48c7 | c180 0100 | 0074 0748 | c7c1 9001 | 0000 4c8b | 1c08 4d8d 
  0x000001edc38b7290: 5b01 4c89 | 1c08 0f84 | 3f02 0000 

  0x000001edc38b729c: ;   {metadata(method data for {method} {0x000001edd71eace0} 'defineClass' '(ZLjava/lang/Object;)Ljava/lang/Class;' in 'java/lang/invoke/MethodHandles$Lookup$ClassDefiner')}
  0x000001edc38b729c: 488b c648 | b9f8 a6bd | 1aee 0100 | 0048 8381 | a001 0000 

  0x000001edc38b72b0: ;   {metadata(method data for {method} {0x000001edd73e0388} 'lookupClassProtectionDomain' '()Ljava/security/ProtectionDomain;' in 'java/lang/invoke/MethodHandles$Lookup')}
  0x000001edc38b72b0: 0148 b830 | adbd 1aee | 0100 008b | 88cc 0000 | 0083 c102 | 8988 cc00 | 0000 81e1 | feff 1f00 
  0x000001edc38b72d0: 85c9 0f84 | 3706 0000 | 8b46 1848 

  0x000001edc38b72dc: ;   {metadata(method data for {method} {0x000001edd73e0388} 'lookupClassProtectionDomain' '()Ljava/security/ProtectionDomain;' in 'java/lang/invoke/MethodHandles$Lookup')}
  0x000001edc38b72dc: 85c0 48b9 | 30ad bd1a | ee01 0000 | 49c7 c310 | 0100 0075 | 0749 c7c3 | 2001 0000 | 4e8b 2c19 
  0x000001edc38b72fc: 4d8d 6d01 | 4e89 2c19 | 4889 9c24 | a000 0000 | 0f85 b301 

  0x000001edc38b7310: ;   {metadata(method data for {method} {0x000001edd73e0388} 'lookupClassProtectionDomain' '()Ljava/security/ProtectionDomain;' in 'java/lang/invoke/MethodHandles$Lookup')}
  0x000001edc38b7310: 0000 48b8 | 30ad bd1a | ee01 0000 | 4883 8030 | 0100 0001 

  0x000001edc38b7324: ;   {metadata(method data for {method} {0x000001edd7473998} 'getJavaLangAccess' '()Ljdk/internal/access/JavaLangAccess;' in 'jdk/internal/access/SharedSecrets')}
  0x000001edc38b7324: 48b8 589f | 381a ee01 | 0000 8b88 | cc00 0000 | 83c1 0289 | 88cc 0000 | 0081 e1fe | ff1f 0085 
  0x000001edc38b7344: c90f 84e5 

  0x000001edc38b7348: ;   {oop(a 'java/lang/Class'{0x0000000080219450} = 'jdk/internal/access/SharedSecrets')}
  0x000001edc38b7348: 0500 0048 | b850 9421 | 8000 0000 | 008b 407c | 8b4e 1048 | 85c0 0f84 | 2a00 0000 

  0x000001edc38b7364: ;   {metadata('java/lang/System$2')}
  0x000001edc38b7364: 48be 6082 | 01d7 ed01 | 0000 448b | 7008 49ba | 0000 00d7 | ed01 0000 | 4d03 f249 | 3b76 380f 
  0x000001edc38b7384: 85c8 0500 | 00e9 0000 | 0000 4c8b | d848 3b00 

  0x000001edc38b7394: ;   {metadata(method data for {method} {0x000001edd73e0388} 'lookupClassProtectionDomain' '()Ljava/security/ProtectionDomain;' in 'java/lang/invoke/MethodHandles$Lookup')}
  0x000001edc38b7394: 48be 30ad | bd1a ee01 

  0x000001edc38b739c: ;   {metadata('java/lang/System$2')}
  0x000001edc38b739c: 0000 49ba | 6082 01d7 | ed01 0000 | 4c89 9650 | 0100 0048 | 8386 5801 

  0x000001edc38b73b4: ;   {metadata(method data for {method} {0x000001edd70192c8} 'protectionDomain' '(Ljava/lang/Class;)Ljava/security/ProtectionDomain;' in 'java/lang/System$2')}
  0x000001edc38b73b4: 0000 0148 | bee8 aebd | 1aee 0100 | 008b 86cc | 0000 0083 | c002 8986 | cc00 0000 | 25fe ff1f 
  0x000001edc38b73d4: 0085 c00f | 847e 0500 | 0048 3b01 

  0x000001edc38b73e0: ;   {metadata(method data for {method} {0x000001edd70192c8} 'protectionDomain' '(Ljava/lang/Class;)Ljava/security/ProtectionDomain;' in 'java/lang/System$2')}
  0x000001edc38b73e0: 488b f148 | b8e8 aebd | 1aee 0100 | 0048 8380 | 1001 0000 

  0x000001edc38b73f4: ;   {metadata(method data for {method} {0x000001edd74679c8} 'protectionDomain' '()Ljava/security/ProtectionDomain;' in 'java/lang/Class')}
  0x000001edc38b73f4: 0148 be78 | b0bd 1aee | 0100 008b | 86cc 0000 | 0083 c002 | 8986 cc00 | 0000 25fe | ff1f 0085 
  0x000001edc38b7414: c00f 8466 | 0500 0048 

  0x000001edc38b741c: ;   {metadata(method data for {method} {0x000001edd74679c8} 'protectionDomain' '()Ljava/security/ProtectionDomain;' in 'java/lang/Class')}
  0x000001edc38b741c: 8bf1 48b8 | 78b0 bd1a | ee01 0000 | 4883 8010 | 0100 0001 | 488b d10f 

  0x000001edc38b7434: ;   {optimized virtual_call}
  0x000001edc38b7434: 1f40 00e8 

  0x000001edc38b7438: ; ImmutableOopMap {[144]=Oop [152]=Oop [160]=Oop [168]=Oop [184]=Oop }
                      ;*invokevirtual getProtectionDomain0 {reexecute=0 rethrow=0 return_oop=0}
                      ; - java.lang.Class::protectionDomain@1
                      ; - java.lang.System$2::protectionDomain@1
                      ; - java.lang.invoke.MethodHandles$Lookup::lookupClassProtectionDomain@17
                      ; - java.lang.invoke.MethodHandles$Lookup$ClassDefiner::defineClass@23
  0x000001edc38b7438: 84fa 6107 

  0x000001edc38b743c: ;   {other}
  0x000001edc38b743c: 0f1f 8400 | 2c06 0000 

  0x000001edc38b7444: ;   {metadata(method data for {method} {0x000001edd74679c8} 'protectionDomain' '()Ljava/security/ProtectionDomain;' in 'java/lang/Class')}
  0x000001edc38b7444: 4885 c049 | b878 b0bd | 1aee 0100 | 0049 c7c1 | 4801 0000 | 7507 49c7 | c158 0100 | 004b 8b3c 
  0x000001edc38b7464: 0848 8d7f | 014b 893c | 080f 8521 | 0000 000f | 1f44 0000 

  0x000001edc38b7478: ;   {no_reloc}
  0x000001edc38b7478: e99d 0500 | 0000 0000 | 0000 660f | 1f44 0000 

  0x000001edc38b7488: ; implicit exception: dispatches to 0x000001edc38b7a24
  0x000001edc38b7488: e9a8 0500 | 0090 90e9 | 0300 0000 | 4c8b c048 | 8bb4 2490 | 0000 004d | 8bd0 4489 | 5618 f083 
  0x000001edc38b74a8: 4424 c000 | 4c8d 0e49 | c1e9 0948 | bf00 0064 | bfed 0100 | 0041 c604 | 3900 498b 

  0x000001edc38b74c4: ;   {metadata(method data for {method} {0x000001edd71eace0} 'defineClass' '(ZLjava/lang/Object;)Ljava/lang/Class;' in 'java/lang/invoke/MethodHandles$Lookup$ClassDefiner')}
  0x000001edc38b74c4: c049 b8f8 | a6bd 1aee | 0100 0041 | ff80 d801 | 0000 e912 | 0000 0048 | 899c 24a0 

  0x000001edc38b74e0: ;   {oop(nullptr)}
  0x000001edc38b74e0: 0000 0048 | b800 0000 | 0000 0000 | 0048 8b9c | 24a0 0000 | 0048 8bbc | 24a8 0000 | 0048 8b94 
  0x000001edc38b7500: 2498 0000 

  0x000001edc38b7504: ;   {metadata(method data for {method} {0x000001edd71eace0} 'defineClass' '(ZLjava/lang/Object;)Ljava/lang/Class;' in 'java/lang/invoke/MethodHandles$Lookup$ClassDefiner')}
  0x000001edc38b7504: 0049 b8f8 | a6bd 1aee | 0100 0049 | 8380 f001 

  0x000001edc38b7514: ;   {metadata(method data for {method} {0x000001edd7473998} 'getJavaLangAccess' '()Ljdk/internal/access/JavaLangAccess;' in 'jdk/internal/access/SharedSecrets')}
  0x000001edc38b7514: 0000 0149 | b858 9f38 | 1aee 0100 | 0045 8b88 | cc00 0000 | 4183 c102 | 4589 88cc | 0000 0041 
  0x000001edc38b7534: 81e1 feff | 1f00 4585 | c90f 84fc 

  0x000001edc38b7540: ;   {oop(a 'java/lang/Class'{0x0000000080219450} = 'jdk/internal/access/SharedSecrets')}
  0x000001edc38b7540: 0400 0049 | b850 9421 | 8000 0000 | 0045 8b70 | 7c8b 7214 | 8b4a 1844 | 8b4a 0c4d | 85f6 0f84 
  0x000001edc38b7560: 2a00 0000 

  0x000001edc38b7564: ;   {metadata('java/lang/System$2')}
  0x000001edc38b7564: 49bb 6082 | 01d7 ed01 | 0000 458b | 6e08 49ba | 0000 00d7 | ed01 0000 | 4d03 ea4d | 3b5d 380f 
  0x000001edc38b7584: 85d7 0400 | 00e9 0000 | 0000 4d8b | c649 3b06 

  0x000001edc38b7594: ;   {metadata(method data for {method} {0x000001edd71eace0} 'defineClass' '(ZLjava/lang/Object;)Ljava/lang/Class;' in 'java/lang/invoke/MethodHandles$Lookup$ClassDefiner')}
  0x000001edc38b7594: 4d8b c648 | baf8 a6bd | 1aee 0100 

  0x000001edc38b75a0: ;   {metadata('java/lang/System$2')}
  0x000001edc38b75a0: 0049 ba60 | 8201 d7ed | 0100 004c | 8992 1002 | 0000 4883 | 8218 0200 | 0001 4c8b | c349 8bd1 
  0x000001edc38b75c0: 4c8b cf48 | 8bfe 488b | f148 8bc8 | 8b84 24b0 | 0000 0089 | 0424 8954 | 2408 488b | 9424 b800 
  0x000001edc38b75e0: 0000 4889 | 5424 1049 | 8bd6 0f1f 

  0x000001edc38b75ec: ;   {optimized virtual_call}
  0x000001edc38b75ec: 4400 00e8 

  0x000001edc38b75f0: ; ImmutableOopMap {[152]=Oop [168]=Oop }
                      ;*invokeinterface defineClass {reexecute=0 rethrow=0 return_oop=0}
                      ; - java.lang.invoke.MethodHandles$Lookup$ClassDefiner::defineClass@57
  0x000001edc38b75f0: 6c0c 0000 

  0x000001edc38b75f4: ;   {other}
  0x000001edc38b75f4: 0f1f 8400 | e407 0001 

  0x000001edc38b75fc: ;   {metadata(method data for {method} {0x000001edd71eace0} 'defineClass' '(ZLjava/lang/Object;)Ljava/lang/Class;' in 'java/lang/invoke/MethodHandles$Lookup$ClassDefiner')}
  0x000001edc38b75fc: 49b8 f8a6 | bd1a ee01 | 0000 41ff | 8038 0200 | 0048 8b94 | 2498 0000 | 008b 721c 

  0x000001edc38b7618: ; implicit exception: dispatches to 0x000001edc38b7a6a
  0x000001edc38b7618: 483b 064c 

  0x000001edc38b761c: ;   {metadata(method data for {method} {0x000001edd71eace0} 'defineClass' '(ZLjava/lang/Object;)Ljava/lang/Class;' in 'java/lang/invoke/MethodHandles$Lookup$ClassDefiner')}
  0x000001edc38b761c: 8bc6 49b9 | f8a6 bd1a | ee01 0000 | 4983 8150 | 0300 0001 | 440f be46 | 0c41 83e0 | 0145 85c0 
  0x000001edc38b763c: ;   {metadata(method data for {method} {0x000001edd71eace0} 'defineClass' '(ZLjava/lang/Object;)Ljava/lang/Class;' in 'java/lang/invoke/MethodHandles$Lookup$ClassDefiner')}
  0x000001edc38b763c: 49b8 f8a6 | bd1a ee01 | 0000 49c7 | c188 0300 | 0074 0749 | c7c1 9803 | 0000 4b8b | 3c08 488d 
  0x000001edc38b765c: 7f01 4b89 | 3c08 0f84 | c401 0000 

  0x000001edc38b7668: ;   {metadata(method data for {method} {0x000001edd71eace0} 'defineClass' '(ZLjava/lang/Object;)Ljava/lang/Class;' in 'java/lang/invoke/MethodHandles$Lookup$ClassDefiner')}
  0x000001edc38b7668: 4c8b c249 | b9f8 a6bd | 1aee 0100 

  0x000001edc38b7674: ;   {metadata('java/lang/invoke/MethodHandles$Lookup$ClassDefiner')}
  0x000001edc38b7674: 0049 baa0 | aa1e d7ed | 0100 004d | 8991 b803 | 0000 4983 | 81c0 0300 | 0001 8b7a | 1448 85c0 
  0x000001edc38b7694: ;   {metadata(method data for {method} {0x000001edd71eace0} 'defineClass' '(ZLjava/lang/Object;)Ljava/lang/Class;' in 'java/lang/invoke/MethodHandles$Lookup$ClassDefiner')}
  0x000001edc38b7694: 49b8 f8a6 | bd1a ee01 | 0000 49c7 | c1e0 0300 | 0074 0749 | c7c1 f003 | 0000 4b8b | 1c08 488d 
  0x000001edc38b76b4: 5b01 4b89 | 1c08 0f84 | 2b01 0000 | e9bd 0000 | 0048 8b94 | 2498 0000 | 0049 8b87 | 0005 0000 
  0x000001edc38b76d4: 4d33 d24d | 8997 0005 | 0000 4d33 | d24d 8997 | 0805 0000 | 8b72 1c48 | 3b06 4c8b 

  0x000001edc38b76f0: ;   {metadata(method data for {method} {0x000001edd71eace0} 'defineClass' '(ZLjava/lang/Object;)Ljava/lang/Class;' in 'java/lang/invoke/MethodHandles$Lookup$ClassDefiner')}
  0x000001edc38b76f0: c649 b9f8 | a6bd 1aee | 0100 0049 | 8381 8804 | 0000 0144 | 0fbe 460c | 4183 e001 

  0x000001edc38b770c: ;   {metadata(method data for {method} {0x000001edd71eace0} 'defineClass' '(ZLjava/lang/Object;)Ljava/lang/Class;' in 'java/lang/invoke/MethodHandles$Lookup$ClassDefiner')}
  0x000001edc38b770c: 4585 c049 | b8f8 a6bd | 1aee 0100 | 0049 c7c1 | c004 0000 | 7407 49c7 | c1d0 0400 | 004b 8b3c 
  0x000001edc38b772c: 0848 8d7f | 014b 893c | 080f 8441 | 0100 004c 

  0x000001edc38b773c: ;   {metadata(method data for {method} {0x000001edd71eace0} 'defineClass' '(ZLjava/lang/Object;)Ljava/lang/Class;' in 'java/lang/invoke/MethodHandles$Lookup$ClassDefiner')}
  0x000001edc38b773c: 8bc2 49b9 | f8a6 bd1a | ee01 0000 

  0x000001edc38b7748: ;   {metadata('java/lang/invoke/MethodHandles$Lookup$ClassDefiner')}
  0x000001edc38b7748: 49ba a0aa | 1ed7 ed01 | 0000 4d89 | 91f0 0400 | 0049 8381 | f804 0000 | 018b 7a14 

  0x000001edc38b7764: ;   {metadata(method data for {method} {0x000001edd71eace0} 'defineClass' '(ZLjava/lang/Object;)Ljava/lang/Class;' in 'java/lang/invoke/MethodHandles$Lookup$ClassDefiner')}
  0x000001edc38b7764: 49b8 f8a6 | bd1a ee01 | 0000 41ff | 8018 0500 | 0048 8984 | 24c8 0000 | 00e9 c000 | 0000 8b52 
  0x000001edc38b7784: 184c 8bc6 

  0x000001edc38b7788: ;   {metadata(method data for {method} {0x000001edd71eace0} 'defineClass' '(ZLjava/lang/Object;)Ljava/lang/Class;' in 'java/lang/invoke/MethodHandles$Lookup$ClassDefiner')}
  0x000001edc38b7788: 49b9 f8a6 | bd1a ee01 | 0000 4983 | 8100 0400 | 0001 4c8b | c74c 8bc8 | 488b fa48 | 8bd6 4889 
  0x000001edc38b77a8: 8424 c000 

  0x000001edc38b77ac: ;   {optimized virtual_call}
  0x000001edc38b77ac: 0000 90e8 

  0x000001edc38b77b0: ; ImmutableOopMap {[192]=Oop }
                      ;*invokevirtual dumpClass {reexecute=0 rethrow=0 return_oop=0}
                      ; - java.lang.invoke.MethodHandles$Lookup$ClassDefiner::defineClass@134
  0x000001edc38b77b0: cc6f f606 

  0x000001edc38b77b4: ;   {other}
  0x000001edc38b77b4: 0f1f 8400 | a409 0002 

  0x000001edc38b77bc: ;   {metadata(method data for {method} {0x000001edd71eace0} 'defineClass' '(ZLjava/lang/Object;)Ljava/lang/Class;' in 'java/lang/invoke/MethodHandles$Lookup$ClassDefiner')}
  0x000001edc38b77bc: 49b8 f8a6 | bd1a ee01 | 0000 41ff | 8038 0400 | 0048 8b84 | 24c0 0000 | 0048 81c4 | e000 0000 
  0x000001edc38b77dc: ;   {poll_return}
  0x000001edc38b77dc: 5d49 3ba7 | 5004 0000 | 0f87 8a02 | 0000 c348 | 8984 24c0 | 0000 0044 | 8b4a 184c 

  0x000001edc38b77f8: ;   {metadata(method data for {method} {0x000001edd71eace0} 'defineClass' '(ZLjava/lang/Object;)Ljava/lang/Class;' in 'java/lang/invoke/MethodHandles$Lookup$ClassDefiner')}
  0x000001edc38b77f8: 8bc6 48ba | f8a6 bd1a | ee01 0000 | 4883 8250 | 0400 0001 | 4c8b c748 | 8bd6 0f1f 

  0x000001edc38b7814: ;   {optimized virtual_call}
  0x000001edc38b7814: 4400 00e8 

  0x000001edc38b7818: ; ImmutableOopMap {[192]=Oop }
                      ;*invokevirtual dumpFailedClass {reexecute=0 rethrow=0 return_oop=0}
                      ; - java.lang.invoke.MethodHandles$Lookup$ClassDefiner::defineClass@150
  0x000001edc38b7818: 646f f606 

  0x000001edc38b781c: ;   {other}
  0x000001edc38b781c: 0f1f 8400 | 0c0a 0003 | 488b 8424 | c000 0000 | 4881 c4e0 | 0000 005d 

  0x000001edc38b7834: ;   {poll_return}
  0x000001edc38b7834: 493b a750 | 0400 000f | 8749 0200 | 00c3 448b | 4a18 4c8b 

  0x000001edc38b7848: ;   {metadata(method data for {method} {0x000001edd71eace0} 'defineClass' '(ZLjava/lang/Object;)Ljava/lang/Class;' in 'java/lang/invoke/MethodHandles$Lookup$ClassDefiner')}
  0x000001edc38b7848: c648 baf8 | a6bd 1aee | 0100 0048 | 8382 8805 | 0000 014c | 8bc7 488b | d666 0f1f 

  0x000001edc38b7864: ;   {optimized virtual_call}
  0x000001edc38b7864: 4400 00e8 

  0x000001edc38b7868: ; ImmutableOopMap {[200]=Oop }
                      ;*invokevirtual dumpFailedClass {reexecute=0 rethrow=0 return_oop=0}
                      ; - java.lang.invoke.MethodHandles$Lookup$ClassDefiner::defineClass@207
  0x000001edc38b7868: 146f f606 

  0x000001edc38b786c: ;   {other}
  0x000001edc38b786c: 0f1f 8400 | 5c0a 0004 | 488b 8424 | c800 0000 | e93c 0200 

  0x000001edc38b7880: ;   {metadata({method} {0x000001edd71eace0} 'defineClass' '(ZLjava/lang/Object;)Ljava/lang/Class;' in 'java/lang/invoke/MethodHandles$Lookup$ClassDefiner')}
  0x000001edc38b7880: 0049 bad8 | ac1e d7ed | 0100 004c | 8954 2408 | 48c7 0424 | ffff ffff 

  0x000001edc38b7898: ;   {runtime_call counter_overflow Runtime1 stub}
  0x000001edc38b7898: e8e3 b301 

  0x000001edc38b789c: ; ImmutableOopMap {rdx=Oop r9=Oop [152]=Oop [184]=Oop }
                      ;*synchronization entry
                      ; - java.lang.invoke.MethodHandles$Lookup$ClassDefiner::defineClass@-1
  0x000001edc38b789c: 07e9 7cf8 

  0x000001edc38b78a0: ;   {runtime_call throw_null_pointer_exception Runtime1 stub}
  0x000001edc38b78a0: ffff e859 

  0x000001edc38b78a4: ; ImmutableOopMap {rdx=Oop r9=Oop rsi=Oop [144]=Oop [152]=Oop [184]=Oop }
                      ;*invokevirtual lookupClass {reexecute=0 rethrow=0 return_oop=0}
                      ; - java.lang.invoke.MethodHandles$Lookup$ClassDefiner::defineClass@4
                      ;   {runtime_call throw_null_pointer_exception Runtime1 stub}
  0x000001edc38b78a4: 7701 07e8 

  0x000001edc38b78a8: ; ImmutableOopMap {rdx=Oop r9=Oop rsi=Oop rdi=Oop [144]=Oop [152]=Oop [168]=Oop [184]=Oop }
                      ;*invokevirtual getClassLoader {reexecute=0 rethrow=0 return_oop=0}
                      ; - java.lang.invoke.MethodHandles$Lookup$ClassDefiner::defineClass@9
  0x000001edc38b78a8: 5477 0107 

  0x000001edc38b78ac: ;   {metadata({method} {0x000001edd7468c70} 'getClassLoader' '()Ljava/lang/ClassLoader;' in 'java/lang/Class')}
  0x000001edc38b78ac: 49ba 688c | 46d7 ed01 | 0000 4c89 | 5424 0848 | c704 24ff 

  0x000001edc38b78c0: ;   {runtime_call counter_overflow Runtime1 stub}
  0x000001edc38b78c0: ffff ffe8 

  0x000001edc38b78c4: ; ImmutableOopMap {rdx=Oop r9=Oop rsi=Oop rdi=Oop [144]=Oop [152]=Oop [168]=Oop [184]=Oop }
                      ;*synchronization entry
                      ; - java.lang.Class::getClassLoader@-1
                      ; - java.lang.invoke.MethodHandles$Lookup$ClassDefiner::defineClass@9
  0x000001edc38b78c4: b8b3 0107 | e9bd f8ff 

  0x000001edc38b78cc: ;   {metadata({method} {0x000001edd701b1d0} 'getSecurityManager' '()Ljava/lang/SecurityManager;' in 'java/lang/System')}
  0x000001edc38b78cc: ff49 bac8 | b101 d7ed | 0100 004c | 8954 2408 | 48c7 0424 | ffff ffff 

  0x000001edc38b78e4: ;   {runtime_call counter_overflow Runtime1 stub}
  0x000001edc38b78e4: e897 b301 

  0x000001edc38b78e8: ; ImmutableOopMap {rdx=Oop r9=Oop rsi=Oop rdi=Oop rbx=Oop [144]=Oop [152]=Oop [168]=Oop [184]=Oop }
                      ;*synchronization entry
                      ; - java.lang.System::getSecurityManager@-1
                      ; - java.lang.Class::getClassLoader@11
                      ; - java.lang.invoke.MethodHandles$Lookup$ClassDefiner::defineClass@9
  0x000001edc38b78e8: 07e9 16f9 

  0x000001edc38b78ec: ;   {metadata({method} {0x000001edd701b2e8} 'allowSecurityManager' '()Z' in 'java/lang/System')}
  0x000001edc38b78ec: ffff 49ba | e0b2 01d7 | ed01 0000 | 4c89 5424 | 0848 c704 | 24ff ffff 

  0x000001edc38b7904: ;   {runtime_call counter_overflow Runtime1 stub}
  0x000001edc38b7904: ffe8 76b3 

  0x000001edc38b7908: ; ImmutableOopMap {rdx=Oop r9=Oop rsi=Oop rdi=Oop rbx=Oop [144]=Oop [152]=Oop [168]=Oop [184]=Oop }
                      ;*synchronization entry
                      ; - java.lang.System::allowSecurityManager@-1
                      ; - java.lang.System::getSecurityManager@0
                      ; - java.lang.Class::getClassLoader@11
                      ; - java.lang.invoke.MethodHandles$Lookup$ClassDefiner::defineClass@9
  0x000001edc38b7908: 0107 e92e 

  0x000001edc38b790c: ;   {metadata({method} {0x000001edd73e0388} 'lookupClassProtectionDomain' '()Ljava/security/ProtectionDomain;' in 'java/lang/invoke/MethodHandles$Lookup')}
  0x000001edc38b790c: f9ff ff49 | ba80 033e | d7ed 0100 | 004c 8954 | 2408 48c7 | 0424 ffff 

  0x000001edc38b7924: ;   {runtime_call counter_overflow Runtime1 stub}
  0x000001edc38b7924: ffff e855 

  0x000001edc38b7928: ; ImmutableOopMap {rdx=Oop r9=Oop rsi=Oop rdi=Oop rbx=Oop [144]=Oop [152]=Oop [168]=Oop [184]=Oop }
                      ;*synchronization entry
                      ; - java.lang.invoke.MethodHandles$Lookup::lookupClassProtectionDomain@-1
                      ; - java.lang.invoke.MethodHandles$Lookup$ClassDefiner::defineClass@23
  0x000001edc38b7928: b301 07e9 | a8f9 ffff 

  0x000001edc38b7930: ;   {metadata({method} {0x000001edd7473998} 'getJavaLangAccess' '()Ljdk/internal/access/JavaLangAccess;' in 'jdk/internal/access/SharedSecrets')}
  0x000001edc38b7930: 49ba 9039 | 47d7 ed01 | 0000 4c89 | 5424 0848 | c704 24ff 

  0x000001edc38b7944: ;   {runtime_call counter_overflow Runtime1 stub}
  0x000001edc38b7944: ffff ffe8 

  0x000001edc38b7948: ; ImmutableOopMap {rsi=Oop [144]=Oop [152]=Oop [160]=Oop [168]=Oop [184]=Oop }
                      ;*synchronization entry
                      ; - jdk.internal.access.SharedSecrets::getJavaLangAccess@-1
                      ; - java.lang.invoke.MethodHandles$Lookup::lookupClassProtectionDomain@10
                      ; - java.lang.invoke.MethodHandles$Lookup$ClassDefiner::defineClass@23
  0x000001edc38b7948: 34b3 0107 | e9fa f9ff 

  0x000001edc38b7950: ;   {runtime_call throw_incompatible_class_change_error Runtime1 stub}
  0x000001edc38b7950: ffe8 2a56 

  0x000001edc38b7954: ; ImmutableOopMap {rax=Oop rcx=Oop [144]=Oop [152]=Oop [160]=Oop [168]=Oop [184]=Oop }
                      ;*invokeinterface protectionDomain {reexecute=0 rethrow=0 return_oop=0}
                      ; - java.lang.invoke.MethodHandles$Lookup::lookupClassProtectionDomain@17
                      ; - java.lang.invoke.MethodHandles$Lookup$ClassDefiner::defineClass@23
                      ;   {runtime_call throw_null_pointer_exception Runtime1 stub}
  0x000001edc38b7954: 0107 e8a5 

  0x000001edc38b7958: ; ImmutableOopMap {rax=Oop rcx=Oop [144]=Oop [152]=Oop [160]=Oop [168]=Oop [184]=Oop }
                      ;*invokeinterface protectionDomain {reexecute=0 rethrow=0 return_oop=0}
                      ; - java.lang.invoke.MethodHandles$Lookup::lookupClassProtectionDomain@17
                      ; - java.lang.invoke.MethodHandles$Lookup$ClassDefiner::defineClass@23
                      ;   {metadata({method} {0x000001edd70192c8} 'protectionDomain' '(Ljava/lang/Class;)Ljava/security/ProtectionDomain;' in 'java/lang/System$2')}
  0x000001edc38b7958: 7601 0749 | bac0 9201 | d7ed 0100 | 004c 8954 | 2408 48c7 | 0424 ffff 

  0x000001edc38b7970: ;   {runtime_call counter_overflow Runtime1 stub}
  0x000001edc38b7970: ffff e809 

  0x000001edc38b7974: ; ImmutableOopMap {rcx=Oop [144]=Oop [152]=Oop [160]=Oop [168]=Oop [184]=Oop }
                      ;*synchronization entry
                      ; - java.lang.System$2::protectionDomain@-1
                      ; - java.lang.invoke.MethodHandles$Lookup::lookupClassProtectionDomain@17
                      ; - java.lang.invoke.MethodHandles$Lookup$ClassDefiner::defineClass@23
  0x000001edc38b7974: b301 07e9 | 61fa ffff 

  0x000001edc38b797c: ;   {runtime_call throw_null_pointer_exception Runtime1 stub}
  0x000001edc38b797c: e87f 7601 

  0x000001edc38b7980: ; ImmutableOopMap {rcx=Oop [144]=Oop [152]=Oop [160]=Oop [168]=Oop [184]=Oop }
                      ;*invokevirtual protectionDomain {reexecute=0 rethrow=0 return_oop=0}
                      ; - java.lang.System$2::protectionDomain@1
                      ; - java.lang.invoke.MethodHandles$Lookup::lookupClassProtectionDomain@17
                      ; - java.lang.invoke.MethodHandles$Lookup$ClassDefiner::defineClass@23
                      ;   {metadata({method} {0x000001edd74679c8} 'protectionDomain' '()Ljava/security/ProtectionDomain;' in 'java/lang/Class')}
  0x000001edc38b7980: 0749 bac0 | 7946 d7ed | 0100 004c | 8954 2408 | 48c7 0424 | ffff ffff 

  0x000001edc38b7998: ;   {runtime_call counter_overflow Runtime1 stub}
  0x000001edc38b7998: e8e3 b201 

  0x000001edc38b799c: ; ImmutableOopMap {rcx=Oop [144]=Oop [152]=Oop [160]=Oop [168]=Oop [184]=Oop }
                      ;*synchronization entry
                      ; - java.lang.Class::protectionDomain@-1
                      ; - java.lang.System$2::protectionDomain@1
                      ; - java.lang.invoke.MethodHandles$Lookup::lookupClassProtectionDomain@17
                      ; - java.lang.invoke.MethodHandles$Lookup$ClassDefiner::defineClass@23
  0x000001edc38b799c: 07e9 79fa 

  0x000001edc38b79a0: ;   {oop(nullptr)}
  0x000001edc38b79a0: ffff 49b8 | 0000 0000 | 0000 0000 | 5053 498b | 5810 5756 | 5251 4150 | 4151 4152 | 4153 4883 
  0x000001edc38b79c0: ec20 40f6 | c40f 0f84 | 1900 0000 | 4883 ec08 

  0x000001edc38b79d0: ;   {runtime_call}
  0x000001edc38b79d0: 48b8 a0a0 | b773 fc7f | 0000 ffd0 | 4883 c408 | e90c 0000 

  0x000001edc38b79e4: ;   {runtime_call}
  0x000001edc38b79e4: 0048 b8a0 | a0b7 73fc | 7f00 00ff | d048 83c4 | 2041 5b41 | 5a41 5941 | 5859 5a5e | 5f48 3b83 
  0x000001edc38b7a04: 3801 0000 | 5b58 0f85 | 0a00 0000 | e96d faff | ffb8 0078 

  0x000001edc38b7a18: ;   {runtime_call load_mirror_patching Runtime1 stub}
  0x000001edc38b7a18: 6e0a e861 

  0x000001edc38b7a1c: ; ImmutableOopMap {[144]=Oop [152]=Oop [160]=Oop [168]=Oop [184]=Oop }
                      ;*getstatic allPermDomain {reexecute=1 rethrow=0 return_oop=0}
                      ; - (reexecute) java.lang.Class::protectionDomain@9
                      ; - java.lang.System$2::protectionDomain@1
                      ; - java.lang.invoke.MethodHandles$Lookup::lookupClassProtectionDomain@17
                      ; - java.lang.invoke.MethodHandles$Lookup$ClassDefiner::defineClass@23
  0x000001edc38b7a1c: a601 07e9 | 54fa ffff 

  0x000001edc38b7a24: ;   {runtime_call throw_null_pointer_exception Runtime1 stub}
  0x000001edc38b7a24: e8d7 7501 

  0x000001edc38b7a28: ; ImmutableOopMap {r8=Oop [144]=Oop [152]=Oop [160]=Oop [168]=Oop [184]=Oop }
                      ;*getstatic allPermDomain {reexecute=1 rethrow=0 return_oop=0}
                      ; - (reexecute) java.lang.Class::protectionDomain@9
                      ; - java.lang.System$2::protectionDomain@1
                      ; - java.lang.invoke.MethodHandles$Lookup::lookupClassProtectionDomain@17
                      ; - java.lang.invoke.MethodHandles$Lookup$ClassDefiner::defineClass@23
  0x000001edc38b7a28: 0745 8b80 | 0000 0000 | b800 0c05 

  0x000001edc38b7a34: ;   {runtime_call access_field_patching Runtime1 stub}
  0x000001edc38b7a34: 07e8 c680 

  0x000001edc38b7a38: ; ImmutableOopMap {r8=Oop [144]=Oop [152]=Oop [160]=Oop [168]=Oop [184]=Oop }
                      ;*getstatic allPermDomain {reexecute=1 rethrow=0 return_oop=0}
                      ; - (reexecute) java.lang.Class::protectionDomain@9
                      ; - java.lang.System$2::protectionDomain@1
                      ; - java.lang.invoke.MethodHandles$Lookup::lookupClassProtectionDomain@17
                      ; - java.lang.invoke.MethodHandles$Lookup$ClassDefiner::defineClass@23
  0x000001edc38b7a38: 0107 e949 

  0x000001edc38b7a3c: ;   {metadata({method} {0x000001edd7473998} 'getJavaLangAccess' '()Ljdk/internal/access/JavaLangAccess;' in 'jdk/internal/access/SharedSecrets')}
  0x000001edc38b7a3c: faff ff49 | ba90 3947 | d7ed 0100 | 004c 8954 | 2408 48c7 | 0424 ffff 

  0x000001edc38b7a54: ;   {runtime_call counter_overflow Runtime1 stub}
  0x000001edc38b7a54: ffff e825 

  0x000001edc38b7a58: ; ImmutableOopMap {rax=Oop rdi=Oop rbx=Oop rdx=Oop [152]=Oop [168]=Oop [184]=Oop }
                      ;*synchronization entry
                      ; - jdk.internal.access.SharedSecrets::getJavaLangAccess@-1
                      ; - java.lang.invoke.MethodHandles$Lookup$ClassDefiner::defineClass@35
  0x000001edc38b7a58: b201 07e9 | e3fa ffff 

  0x000001edc38b7a60: ;   {runtime_call throw_incompatible_class_change_error Runtime1 stub}
  0x000001edc38b7a60: e81b 5501 

  0x000001edc38b7a64: ; ImmutableOopMap {rax=Oop rdi=Oop rbx=Oop r14=Oop rsi=Oop rcx=Oop [152]=Oop [168]=Oop [184]=Oop }
                      ;*invokeinterface defineClass {reexecute=0 rethrow=0 return_oop=0}
                      ; - java.lang.invoke.MethodHandles$Lookup$ClassDefiner::defineClass@57
                      ;   {runtime_call throw_null_pointer_exception Runtime1 stub}
  0x000001edc38b7a64: 07e8 9675 

  0x000001edc38b7a68: ; ImmutableOopMap {rax=Oop rdi=Oop rbx=Oop r14=Oop rsi=Oop rcx=Oop [152]=Oop [168]=Oop [184]=Oop }
                      ;*invokeinterface defineClass {reexecute=0 rethrow=0 return_oop=0}
                      ; - java.lang.invoke.MethodHandles$Lookup$ClassDefiner::defineClass@57
                      ;   {runtime_call throw_null_pointer_exception Runtime1 stub}
  0x000001edc38b7a68: 0107 e891 

  0x000001edc38b7a6c: ; ImmutableOopMap {rax=Oop rdx=Oop rsi=Oop [152]=Oop }
                      ;*invokevirtual isEnabled {reexecute=0 rethrow=0 return_oop=0}
                      ; - java.lang.invoke.MethodHandles$Lookup$ClassDefiner::defineClass@105
                      ;   {runtime_call throw_null_pointer_exception Runtime1 stub}
  0x000001edc38b7a6c: 7501 07e8 

  0x000001edc38b7a70: ; ImmutableOopMap {rdx=Oop rax=Oop rsi=Oop [152]=Oop }
                      ;*invokevirtual isEnabled {reexecute=0 rethrow=0 return_oop=0}
                      ; - java.lang.invoke.MethodHandles$Lookup$ClassDefiner::defineClass@162
  0x000001edc38b7a70: 8c75 0107 

  0x000001edc38b7a74: ;   {internal_word}
  0x000001edc38b7a74: 49ba dd77 | 8bc3 ed01 | 0000 4d89 | 9768 0400 

  0x000001edc38b7a84: ;   {runtime_call SafepointBlob}
  0x000001edc38b7a84: 00e9 76d0 

  0x000001edc38b7a88: ;   {internal_word}
  0x000001edc38b7a88: f606 49ba | 3478 8bc3 | ed01 0000 | 4d89 9768 

  0x000001edc38b7a98: ;   {runtime_call SafepointBlob}
  0x000001edc38b7a98: 0400 00e9 | 60d0 f606 | 498b 8700 | 0500 0049 | c787 0005 | 0000 0000 | 0000 49c7 | 8708 0500 
  0x000001edc38b7ab8: 0000 0000 | 0048 81c4 | e000 0000 

  0x000001edc38b7ac4: ;   {runtime_call unwind_exception Runtime1 stub}
  0x000001edc38b7ac4: 5de9 367b | f806 f4f4 | f4f4 f4f4 
[Stub Code]
  0x000001edc38b7ad0: ;   {no_reloc}
  0x000001edc38b7ad0: 0f1f 4400 

  0x000001edc38b7ad4: ;   {static_stub}
  0x000001edc38b7ad4: 0048 bb00 | 0000 0000 

  0x000001edc38b7adc: ;   {runtime_call nmethod}
  0x000001edc38b7adc: 0000 00e9 | fbff ffff 

  0x000001edc38b7ae4: ;   {static_stub}
  0x000001edc38b7ae4: 48bb 5879 | 46d7 ed01 

  0x000001edc38b7aec: ;   {runtime_call I2C/C2I adapters}
  0x000001edc38b7aec: 0000 e9f0 

  0x000001edc38b7af0: ;   {static_stub}
  0x000001edc38b7af0: 60f6 0648 | bb00 0000 | 0000 0000 

  0x000001edc38b7afc: ;   {runtime_call nmethod}
  0x000001edc38b7afc: 00e9 fbff 

  0x000001edc38b7b00: ;   {static_stub}
  0x000001edc38b7b00: ffff 48bb | 0000 0000 | 0000 0000 

  0x000001edc38b7b0c: ;   {runtime_call nmethod}
  0x000001edc38b7b0c: e9fb ffff 

  0x000001edc38b7b10: ;   {runtime_call handle_exception_from_callee Runtime1 stub}
  0x000001edc38b7b10: ffe8 ea5f 

  0x000001edc38b7b14: ;   {external_word}
  0x000001edc38b7b14: 0107 48b9 | 4063 5774 | fc7f 0000 | 4883 e4f0 

  0x000001edc38b7b24: ;   {runtime_call}
  0x000001edc38b7b24: 48b8 d0c4 | 1974 fc7f | 0000 ffd0 

  0x000001edc38b7b30: ;   {section_word}
  0x000001edc38b7b30: f449 ba31 | 7b8b c3ed | 0100 0041 

  0x000001edc38b7b3c: ;   {runtime_call DeoptimizationBlob}
  0x000001edc38b7b3c: 52e9 5ec2 | f606 f4f4 | f4f4 f4f4 
[/MachCode]


---------------  P R O C E S S  ---------------

Threads class SMR info:
_java_thread_list=0x000001ee22334c40, length=43, elements={
0x000001edc00a25b0, 0x000001edc015cd50, 0x000001edc0016f80, 0x000001edc0018ff0,
0x000001edc0019ee0, 0x000001edc001e230, 0x000001edc001ec90, 0x000001edc00246f0,
0x000001ee19360720, 0x000001ee19517eb0, 0x000001ee196391b0, 0x000001ee199d3a30,
0x000001ee19cb56a0, 0x000001ee1946b360, 0x000001ee195ba800, 0x000001ee1e26f040,
0x000001ee1e910110, 0x000001ee19a65330, 0x000001ee197be030, 0x000001ee197c0100,
0x000001ee197c0790, 0x000001ee197bf3e0, 0x000001ee197bfa70, 0x000001ee197c0e20,
0x000001ee197c14b0, 0x000001ee197be6c0, 0x000001ee214ccf60, 0x000001ee214cdc80,
0x000001ee214cf030, 0x000001ee214cd5f0, 0x000001ee214ce310, 0x000001ee214cf6c0,
0x000001ee214ce9a0, 0x000001ee214cfd50, 0x000001ee214cc8d0, 0x000001ee214d3860,
0x000001ee214d2b40, 0x000001ee214d31d0, 0x000001ee214d03e0, 0x000001ee214d1e20,
0x000001ee214d24b0, 0x000001ee214d0a70, 0x000001ee214d1100
}

Java Threads: ( => current thread )
  0x000001edc00a25b0 JavaThread "main"                              [_thread_blocked, id=24700, stack(0x0000007be3a00000,0x0000007be3b00000) (1024K)]
  0x000001edc015cd50 JavaThread "Reference Handler"          daemon [_thread_blocked, id=28000, stack(0x0000007be3e00000,0x0000007be3f00000) (1024K)]
  0x000001edc0016f80 JavaThread "Finalizer"                  daemon [_thread_blocked, id=23604, stack(0x0000007be3f00000,0x0000007be4000000) (1024K)]
  0x000001edc0018ff0 JavaThread "Signal Dispatcher"          daemon [_thread_blocked, id=33800, stack(0x0000007be4000000,0x0000007be4100000) (1024K)]
  0x000001edc0019ee0 JavaThread "Attach Listener"            daemon [_thread_blocked, id=25364, stack(0x0000007be4100000,0x0000007be4200000) (1024K)]
  0x000001edc001e230 JavaThread "Service Thread"             daemon [_thread_blocked, id=35520, stack(0x0000007be4200000,0x0000007be4300000) (1024K)]
  0x000001edc001ec90 JavaThread "Monitor Deflation Thread"   daemon [_thread_blocked, id=35064, stack(0x0000007be4300000,0x0000007be4400000) (1024K)]
  0x000001edc00246f0 JavaThread "C2 CompilerThread0"         daemon [_thread_blocked, id=13656, stack(0x0000007be4400000,0x0000007be4500000) (1024K)]
  0x000001ee19360720 JavaThread "C1 CompilerThread0"         daemon [_thread_blocked, id=32680, stack(0x0000007be4500000,0x0000007be4600000) (1024K)]
  0x000001ee19517eb0 JavaThread "Common-Cleaner"             daemon [_thread_blocked, id=24964, stack(0x0000007be4600000,0x0000007be4700000) (1024K)]
  0x000001ee196391b0 JavaThread "Notification Thread"        daemon [_thread_blocked, id=18184, stack(0x0000007be4700000,0x0000007be4800000) (1024K)]
  0x000001ee199d3a30 JavaThread "Active Thread: Equinox Container: e692510f-f566-4cfc-a9ee-fd8eecdc86a8"        [_thread_blocked, id=16500, stack(0x0000007be4800000,0x0000007be4900000) (1024K)]
  0x000001ee19cb56a0 JavaThread "Refresh Thread: Equinox Container: e692510f-f566-4cfc-a9ee-fd8eecdc86a8" daemon [_thread_blocked, id=2808, stack(0x0000007be5000000,0x0000007be5100000) (1024K)]
  0x000001ee1946b360 JavaThread "Framework Event Dispatcher: Equinox Container: e692510f-f566-4cfc-a9ee-fd8eecdc86a8" daemon [_thread_blocked, id=15580, stack(0x0000007be5100000,0x0000007be5200000) (1024K)]
  0x000001ee195ba800 JavaThread "Start Level: Equinox Container: e692510f-f566-4cfc-a9ee-fd8eecdc86a8" daemon [_thread_blocked, id=17084, stack(0x0000007be5200000,0x0000007be5300000) (1024K)]
  0x000001ee1e26f040 JavaThread "Bundle File Closer"         daemon [_thread_blocked, id=3380, stack(0x0000007be5500000,0x0000007be5600000) (1024K)]
  0x000001ee1e910110 JavaThread "SCR Component Actor"        daemon [_thread_blocked, id=30632, stack(0x0000007be5300000,0x0000007be5400000) (1024K)]
  0x000001ee19a65330 JavaThread "Worker-JM"                         [_thread_blocked, id=29116, stack(0x0000007be5400000,0x0000007be5500000) (1024K)]
  0x000001ee197be030 JavaThread "JNA Cleaner"                daemon [_thread_blocked, id=304, stack(0x0000007be5600000,0x0000007be5700000) (1024K)]
  0x000001ee197c0100 JavaThread "Worker-0"                          [_thread_blocked, id=32376, stack(0x0000007be5700000,0x0000007be5800000) (1024K)]
  0x000001ee197c0790 JavaThread "Worker-1"                          [_thread_blocked, id=30436, stack(0x0000007be5800000,0x0000007be5900000) (1024K)]
  0x000001ee197bf3e0 JavaThread "Worker-2: Initialize Workspace"        [_thread_blocked, id=32312, stack(0x0000007be5900000,0x0000007be5a00000) (1024K)]
  0x000001ee197bfa70 JavaThread "Worker-3"                          [_thread_blocked, id=17812, stack(0x0000007be5b00000,0x0000007be5c00000) (1024K)]
  0x000001ee197c0e20 JavaThread "Java indexing"              daemon [_thread_blocked, id=9916, stack(0x0000007be5d00000,0x0000007be5e00000) (1024K)]
  0x000001ee197c14b0 JavaThread "Worker-4"                          [_thread_blocked, id=12196, stack(0x0000007be6000000,0x0000007be6100000) (1024K)]
  0x000001ee197be6c0 JavaThread "Worker-5"                          [_thread_blocked, id=20580, stack(0x0000007be6100000,0x0000007be6200000) (1024K)]
  0x000001ee214ccf60 JavaThread "Thread-1"                   daemon [_thread_in_native, id=16052, stack(0x0000007be6200000,0x0000007be6300000) (1024K)]
  0x000001ee214cdc80 JavaThread "Thread-2"                   daemon [_thread_in_native, id=20740, stack(0x0000007be6300000,0x0000007be6400000) (1024K)]
  0x000001ee214cf030 JavaThread "Thread-3"                   daemon [_thread_in_native, id=33180, stack(0x0000007be6400000,0x0000007be6500000) (1024K)]
  0x000001ee214cd5f0 JavaThread "Thread-4"                   daemon [_thread_in_native, id=8500, stack(0x0000007be6500000,0x0000007be6600000) (1024K)]
  0x000001ee214ce310 JavaThread "Thread-5"                   daemon [_thread_in_native, id=20596, stack(0x0000007be6600000,0x0000007be6700000) (1024K)]
  0x000001ee214cf6c0 JavaThread "Thread-6"                   daemon [_thread_in_native, id=33476, stack(0x0000007be6700000,0x0000007be6800000) (1024K)]
  0x000001ee214ce9a0 JavaThread "Thread-7"                   daemon [_thread_in_native, id=17304, stack(0x0000007be6800000,0x0000007be6900000) (1024K)]
  0x000001ee214cfd50 JavaThread "Thread-8"                   daemon [_thread_in_native, id=28688, stack(0x0000007be6900000,0x0000007be6a00000) (1024K)]
  0x000001ee214cc8d0 JavaThread "Thread-9"                   daemon [_thread_in_native, id=33580, stack(0x0000007be6a00000,0x0000007be6b00000) (1024K)]
  0x000001ee214d3860 JavaThread "pool-2-thread-1"                   [_thread_blocked, id=14556, stack(0x0000007be6b00000,0x0000007be6c00000) (1024K)]
  0x000001ee214d2b40 JavaThread "WorkspaceEventsHandler"            [_thread_blocked, id=13596, stack(0x0000007be6c00000,0x0000007be6d00000) (1024K)]
  0x000001ee214d31d0 JavaThread "pool-1-thread-1"                   [_thread_blocked, id=25140, stack(0x0000007be6d00000,0x0000007be6e00000) (1024K)]
  0x000001ee214d03e0 JavaThread "PatternSearchJob-worker-1"  daemon [_thread_blocked, id=31804, stack(0x0000007be5c00000,0x0000007be5d00000) (1024K)]
  0x000001ee214d1e20 JavaThread "PatternSearchJob-worker-2"  daemon [_thread_blocked, id=18104, stack(0x0000007be6e00000,0x0000007be6f00000) (1024K)]
  0x000001ee214d24b0 JavaThread "ProjectImportProgressReporter" daemon [_thread_blocked, id=18752, stack(0x0000007be5a00000,0x0000007be5b00000) (1024K)]
  0x000001ee214d0a70 JavaThread "Timer-0"                           [_thread_blocked, id=32472, stack(0x0000007be7000000,0x0000007be7100000) (1024K)]
=>0x000001ee214d1100 JavaThread "Connection worker"                 [_thread_in_vm, id=23276, stack(0x0000007be6f00000,0x0000007be7000000) (1024K)]
Total: 43

Other Threads:
  0x000001edc013f240 VMThread "VM Thread"                           [id=20648, stack(0x0000007be3d00000,0x0000007be3e00000) (1024K)]
  0x000001edbff2ca00 WatcherThread "VM Periodic Task Thread"        [id=35088, stack(0x0000007be3c00000,0x0000007be3d00000) (1024K)]
  0x000001edc00c0a20 WorkerThread "GC Thread#0"                     [id=33228, stack(0x0000007be3b00000,0x0000007be3c00000) (1024K)]
  0x000001ee19d6ea00 WorkerThread "GC Thread#1"                     [id=10428, stack(0x0000007be4900000,0x0000007be4a00000) (1024K)]
  0x000001ee19ab9360 WorkerThread "GC Thread#2"                     [id=28912, stack(0x0000007be4a00000,0x0000007be4b00000) (1024K)]
  0x000001ee19ab9710 WorkerThread "GC Thread#3"                     [id=19976, stack(0x0000007be4b00000,0x0000007be4c00000) (1024K)]
  0x000001ee19ab9ac0 WorkerThread "GC Thread#4"                     [id=16320, stack(0x0000007be4c00000,0x0000007be4d00000) (1024K)]
  0x000001ee19ab9e70 WorkerThread "GC Thread#5"                     [id=30148, stack(0x0000007be4d00000,0x0000007be4e00000) (1024K)]
  0x000001ee19aba220 WorkerThread "GC Thread#6"                     [id=4840, stack(0x0000007be4e00000,0x0000007be4f00000) (1024K)]
  0x000001ee1e167ae0 WorkerThread "GC Thread#7"                     [id=20280, stack(0x0000007be4f00000,0x0000007be5000000) (1024K)]
Total: 10

Threads with active compile tasks:
Total: 0

VM state: not at safepoint (normal execution)

VM Mutex/Monitor currently owned by a thread:  ([mutex/lock_event])
[0x00007ffc7482d4f0] Metaspace_lock - owner thread: 0x000001ee214d1100

Heap address: 0x0000000080000000, size: 2048 MB, Compressed Oops mode: 32-bit

CDS archive(s) mapped at: [0x000001edd7000000-0x000001edd7ba0000-0x000001edd7ba0000), size 12189696, SharedBaseAddress: 0x000001edd7000000, ArchiveRelocationMode: 1.
Compressed class space mapped at: 0x000001edd8000000-0x000001ee18000000, reserved size: 1073741824
Narrow klass base: 0x000001edd7000000, Narrow klass shift: 0, Narrow klass range: 0x100000000

GC Precious Log:
 CardTable entry size: 512
 CPUs: 8 total, 8 available
 Memory: 16103M
 Large Page Support: Disabled
 NUMA Support: Disabled
 Compressed Oops: Enabled (32-bit)
 Alignments: Space 512K, Generation 512K, Heap 2M
 Heap Min Capacity: 100M
 Heap Initial Capacity: 100M
 Heap Max Capacity: 2G
 Pre-touch: Disabled
 Parallel Workers: 8

Heap:
 PSYoungGen      total 15360K, used 12264K [0x00000000d5580000, 0x00000000d6e00000, 0x0000000100000000)
  eden space 14848K, 79% used [0x00000000d5580000,0x00000000d60fa4d8,0x00000000d6400000)
  from space 512K, 99% used [0x00000000d6b00000,0x00000000d6b7fed8,0x00000000d6b80000)
  to   space 5120K, 0% used [0x00000000d6400000,0x00000000d6400000,0x00000000d6900000)
 ParOldGen       total 68608K, used 39878K [0x0000000080000000, 0x0000000084300000, 0x00000000d5580000)
  object space 68608K, 58% used [0x0000000080000000,0x00000000826f1978,0x0000000084300000)
 Metaspace       used 51852K, committed 53056K, reserved 1114112K
  class space    used 5995K, committed 6464K, reserved 1048576K

Card table byte_map: [0x000001edbfa40000,0x000001edbfe50000] _byte_map_base: 0x000001edbf640000

Marking Bits: (ParMarkBitMap*) 0x00007ffc74834460
 Begin Bits: [0x000001edd2550000, 0x000001edd4550000)
 End Bits:   [0x000001edd4550000, 0x000001edd6550000)

Polling page: 0x000001edbe040000

Metaspace:

Usage:
  Non-class:     44.78 MB used.
      Class:      5.86 MB used.
       Both:     50.64 MB used.

Virtual space:
  Non-class space:       64.00 MB reserved,      45.50 MB ( 71%) committed,  1 nodes.
      Class space:        1.00 GB reserved,       6.31 MB ( <1%) committed,  1 nodes.
             Both:        1.06 GB reserved,      51.81 MB (  5%) committed. 

Chunk freelists:
   Non-Class:  2.30 MB
       Class:  9.56 MB
        Both:  11.86 MB

MaxMetaspaceSize: unlimited
CompressedClassSpaceSize: 1.00 GB
Initial GC threshold: 21.00 MB
Current GC threshold: 58.38 MB
CDS: on
 - commit_granule_bytes: 65536.
 - commit_granule_words: 8192.
 - virtual_space_node_default_size: 8388608.
 - enlarge_chunks_in_place: 1.
 - use_allocation_guard: 0.


Internal statistics:

num_allocs_failed_limit: 6.
num_arena_births: 880.
num_arena_deaths: 20.
num_vsnodes_births: 2.
num_vsnodes_deaths: 0.
num_space_committed: 829.
num_space_uncommitted: 0.
num_chunks_returned_to_freelist: 29.
num_chunks_taken_from_freelist: 3225.
num_chunk_merges: 12.
num_chunk_splits: 1999.
num_chunks_enlarged: 1175.
num_inconsistent_stats: 0.

CodeHeap 'non-profiled nmethods': size=120000Kb used=3890Kb max_used=3890Kb free=116109Kb
 bounds [0x000001edcad70000, 0x000001edcb140000, 0x000001edd22a0000]
CodeHeap 'profiled nmethods': size=120000Kb used=13094Kb max_used=13094Kb free=106905Kb
 bounds [0x000001edc32a0000, 0x000001edc3f70000, 0x000001edca7d0000]
CodeHeap 'non-nmethods': size=5760Kb used=1376Kb max_used=1460Kb free=4383Kb
 bounds [0x000001edca7d0000, 0x000001edcaa40000, 0x000001edcad70000]
CodeCache: size=245760Kb, used=18360Kb, max_used=18444Kb, free=227397Kb
 total_blobs=6834, nmethods=6159, adapters=580, full_count=0
Compilation: enabled, stopped_count=0, restarted_count=0

Compilation events (20 events):
Event: 46.119 Thread 0x000001ee19360720 6723       3       java.net.URLClassLoader::definePackage (274 bytes)
Event: 46.127 Thread 0x000001ee19360720 nmethod 6723 0x000001edc3f60990 code [0x000001edc3f61060, 0x000001edc3f65100]
Event: 46.137 Thread 0x000001ee19360720 6724       3       org.gradle.internal.service.DefaultServiceRegistry$SingletonService$1::transform (9 bytes)
Event: 46.137 Thread 0x000001ee19360720 nmethod 6724 0x000001edc3f66a90 code [0x000001edc3f66c60, 0x000001edc3f66f70]
Event: 46.137 Thread 0x000001ee19360720 6725       3       org.gradle.internal.service.DefaultServiceRegistry$SingletonService$1::transform (5 bytes)
Event: 46.137 Thread 0x000001ee19360720 nmethod 6725 0x000001edc3f67090 code [0x000001edc3f67240, 0x000001edc3f673d8]
Event: 46.137 Thread 0x000001ee19360720 6726       3       org.gradle.internal.service.DefaultServiceRegistry$ClassInspector::getHierarchy (9 bytes)
Event: 46.138 Thread 0x000001ee19360720 nmethod 6726 0x000001edc3f67490 code [0x000001edc3f67640, 0x000001edc3f67790]
Event: 46.138 Thread 0x000001ee19360720 6727       3       org.gradle.internal.service.ServiceAccess::getPublicScope (4 bytes)
Event: 46.138 Thread 0x000001ee19360720 nmethod 6727 0x000001edc3f67890 code [0x000001edc3f67a20, 0x000001edc3f67b18]
Event: 46.155 Thread 0x000001ee19360720 6728       3       org.gradle.internal.service.DefaultServiceRegistry$SingletonService::<init> (58 bytes)
Event: 46.156 Thread 0x000001ee19360720 nmethod 6728 0x000001edc3f67b90 code [0x000001edc3f67dc0, 0x000001edc3f686b8]
Event: 46.156 Thread 0x000001ee19360720 6729       3       org.gradle.internal.service.DefaultServiceRegistry$ManagedObjectServiceProvider::<init> (21 bytes)
Event: 46.157 Thread 0x000001ee19360720 nmethod 6729 0x000001edc3f68a10 code [0x000001edc3f68be0, 0x000001edc3f690a0]
Event: 46.157 Thread 0x000001ee19360720 6730       3       org.gradle.internal.service.DefaultServiceRegistry$SingletonService$1::<init> (10 bytes)
Event: 46.157 Thread 0x000001ee19360720 nmethod 6730 0x000001edc3f69290 code [0x000001edc3f69440, 0x000001edc3f695c8]
Event: 46.228 Thread 0x000001ee19360720 6731       1       java.lang.reflect.Method::getMethodAccessor (5 bytes)
Event: 46.229 Thread 0x000001ee19360720 nmethod 6731 0x000001edcb13c390 code [0x000001edcb13c520, 0x000001edcb13c5e8]
Event: 46.229 Thread 0x000001ee19360720 6732       3       java.lang.reflect.Method::setMethodAccessor (20 bytes)
Event: 46.229 Thread 0x000001ee19360720 nmethod 6732 0x000001edc3f69690 code [0x000001edc3f69840, 0x000001edc3f69a80]

GC Heap History (20 events):
Event: 31.644 GC heap before
{Heap before GC invocations=19 (full 2):
 PSYoungGen      total 23552K, used 23552K [0x00000000d5580000, 0x00000000d7180000, 0x0000000100000000)
  eden space 22016K, 100% used [0x00000000d5580000,0x00000000d6b00000,0x00000000d6b00000)
  from space 1536K, 100% used [0x00000000d7000000,0x00000000d7180000,0x00000000d7180000)
  to   space 2048K, 0% used [0x00000000d6d80000,0x00000000d6d80000,0x00000000d6f80000)
 ParOldGen       total 68608K, used 21818K [0x0000000080000000, 0x0000000084300000, 0x00000000d5580000)
  object space 68608K, 31% used [0x0000000080000000,0x000000008154e8a0,0x0000000084300000)
 Metaspace       used 44466K, committed 45632K, reserved 1114112K
  class space    used 4876K, committed 5376K, reserved 1048576K
}
Event: 31.648 GC heap after
{Heap after GC invocations=19 (full 2):
 PSYoungGen      total 24064K, used 1600K [0x00000000d5580000, 0x00000000d7080000, 0x0000000100000000)
  eden space 22016K, 0% used [0x00000000d5580000,0x00000000d5580000,0x00000000d6b00000)
  from space 2048K, 78% used [0x00000000d6d80000,0x00000000d6f10000,0x00000000d6f80000)
  to   space 1024K, 0% used [0x00000000d6f80000,0x00000000d6f80000,0x00000000d7080000)
 ParOldGen       total 68608K, used 23170K [0x0000000080000000, 0x0000000084300000, 0x00000000d5580000)
  object space 68608K, 33% used [0x0000000080000000,0x00000000816a08a0,0x0000000084300000)
 Metaspace       used 44466K, committed 45632K, reserved 1114112K
  class space    used 4876K, committed 5376K, reserved 1048576K
}
Event: 35.344 GC heap before
{Heap before GC invocations=20 (full 2):
 PSYoungGen      total 24064K, used 23616K [0x00000000d5580000, 0x00000000d7080000, 0x0000000100000000)
  eden space 22016K, 100% used [0x00000000d5580000,0x00000000d6b00000,0x00000000d6b00000)
  from space 2048K, 78% used [0x00000000d6d80000,0x00000000d6f10000,0x00000000d6f80000)
  to   space 1024K, 0% used [0x00000000d6f80000,0x00000000d6f80000,0x00000000d7080000)
 ParOldGen       total 68608K, used 23170K [0x0000000080000000, 0x0000000084300000, 0x00000000d5580000)
  object space 68608K, 33% used [0x0000000080000000,0x00000000816a08a0,0x0000000084300000)
 Metaspace       used 46620K, committed 47808K, reserved 1114112K
  class space    used 5107K, committed 5568K, reserved 1048576K
}
Event: 35.350 GC heap after
{Heap after GC invocations=20 (full 2):
 PSYoungGen      total 23040K, used 832K [0x00000000d5580000, 0x00000000d7080000, 0x0000000100000000)
  eden space 22016K, 0% used [0x00000000d5580000,0x00000000d5580000,0x00000000d6b00000)
  from space 1024K, 81% used [0x00000000d6f80000,0x00000000d7050000,0x00000000d7080000)
  to   space 1536K, 0% used [0x00000000d6d80000,0x00000000d6d80000,0x00000000d6f00000)
 ParOldGen       total 68608K, used 24611K [0x0000000080000000, 0x0000000084300000, 0x00000000d5580000)
  object space 68608K, 35% used [0x0000000080000000,0x0000000081808c20,0x0000000084300000)
 Metaspace       used 46620K, committed 47808K, reserved 1114112K
  class space    used 5107K, committed 5568K, reserved 1048576K
}
Event: 37.680 GC heap before
{Heap before GC invocations=21 (full 2):
 PSYoungGen      total 23040K, used 22848K [0x00000000d5580000, 0x00000000d7080000, 0x0000000100000000)
  eden space 22016K, 100% used [0x00000000d5580000,0x00000000d6b00000,0x00000000d6b00000)
  from space 1024K, 81% used [0x00000000d6f80000,0x00000000d7050000,0x00000000d7080000)
  to   space 1536K, 0% used [0x00000000d6d80000,0x00000000d6d80000,0x00000000d6f00000)
 ParOldGen       total 68608K, used 24611K [0x0000000080000000, 0x0000000084300000, 0x00000000d5580000)
  object space 68608K, 35% used [0x0000000080000000,0x0000000081808c20,0x0000000084300000)
 Metaspace       used 47518K, committed 48704K, reserved 1114112K
  class space    used 5227K, committed 5696K, reserved 1048576K
}
Event: 37.685 GC heap after
{Heap after GC invocations=21 (full 2):
 PSYoungGen      total 23552K, used 800K [0x00000000d5580000, 0x00000000d7000000, 0x0000000100000000)
  eden space 22016K, 0% used [0x00000000d5580000,0x00000000d5580000,0x00000000d6b00000)
  from space 1536K, 52% used [0x00000000d6d80000,0x00000000d6e48000,0x00000000d6f00000)
  to   space 1024K, 0% used [0x00000000d6f00000,0x00000000d6f00000,0x00000000d7000000)
 ParOldGen       total 68608K, used 25320K [0x0000000080000000, 0x0000000084300000, 0x00000000d5580000)
  object space 68608K, 36% used [0x0000000080000000,0x00000000818ba3d8,0x0000000084300000)
 Metaspace       used 47518K, committed 48704K, reserved 1114112K
  class space    used 5227K, committed 5696K, reserved 1048576K
}
Event: 38.721 GC heap before
{Heap before GC invocations=22 (full 2):
 PSYoungGen      total 23552K, used 22816K [0x00000000d5580000, 0x00000000d7000000, 0x0000000100000000)
  eden space 22016K, 100% used [0x00000000d5580000,0x00000000d6b00000,0x00000000d6b00000)
  from space 1536K, 52% used [0x00000000d6d80000,0x00000000d6e48000,0x00000000d6f00000)
  to   space 1024K, 0% used [0x00000000d6f00000,0x00000000d6f00000,0x00000000d7000000)
 ParOldGen       total 68608K, used 25320K [0x0000000080000000, 0x0000000084300000, 0x00000000d5580000)
  object space 68608K, 36% used [0x0000000080000000,0x00000000818ba3d8,0x0000000084300000)
 Metaspace       used 48850K, committed 50048K, reserved 1114112K
  class space    used 5445K, committed 5952K, reserved 1048576K
}
Event: 38.731 GC heap after
{Heap after GC invocations=22 (full 2):
 PSYoungGen      total 15872K, used 997K [0x00000000d5580000, 0x00000000d8100000, 0x0000000100000000)
  eden space 14848K, 0% used [0x00000000d5580000,0x00000000d5580000,0x00000000d6400000)
  from space 1024K, 97% used [0x00000000d6f00000,0x00000000d6ff9660,0x00000000d7000000)
  to   space 11264K, 0% used [0x00000000d6400000,0x00000000d6400000,0x00000000d6f00000)
 ParOldGen       total 68608K, used 33660K [0x0000000080000000, 0x0000000084300000, 0x00000000d5580000)
  object space 68608K, 49% used [0x0000000080000000,0x00000000820df008,0x0000000084300000)
 Metaspace       used 48850K, committed 50048K, reserved 1114112K
  class space    used 5445K, committed 5952K, reserved 1048576K
}
Event: 41.087 GC heap before
{Heap before GC invocations=23 (full 2):
 PSYoungGen      total 15872K, used 15845K [0x00000000d5580000, 0x00000000d8100000, 0x0000000100000000)
  eden space 14848K, 100% used [0x00000000d5580000,0x00000000d6400000,0x00000000d6400000)
  from space 1024K, 97% used [0x00000000d6f00000,0x00000000d6ff9660,0x00000000d7000000)
  to   space 11264K, 0% used [0x00000000d6400000,0x00000000d6400000,0x00000000d6f00000)
 ParOldGen       total 68608K, used 33660K [0x0000000080000000, 0x0000000084300000, 0x00000000d5580000)
  object space 68608K, 49% used [0x0000000080000000,0x00000000820df008,0x0000000084300000)
 Metaspace       used 50176K, committed 51392K, reserved 1114112K
  class space    used 5689K, committed 6144K, reserved 1048576K
}
Event: 41.091 GC heap after
{Heap after GC invocations=23 (full 2):
 PSYoungGen      total 15872K, used 576K [0x00000000d5580000, 0x00000000d6f80000, 0x0000000100000000)
  eden space 14848K, 0% used [0x00000000d5580000,0x00000000d5580000,0x00000000d6400000)
  from space 1024K, 56% used [0x00000000d6400000,0x00000000d6490000,0x00000000d6500000)
  to   space 4096K, 0% used [0x00000000d6b80000,0x00000000d6b80000,0x00000000d6f80000)
 ParOldGen       total 68608K, used 34614K [0x0000000080000000, 0x0000000084300000, 0x00000000d5580000)
  object space 68608K, 50% used [0x0000000080000000,0x00000000821cd9b8,0x0000000084300000)
 Metaspace       used 50176K, committed 51392K, reserved 1114112K
  class space    used 5689K, committed 6144K, reserved 1048576K
}
Event: 42.379 GC heap before
{Heap before GC invocations=24 (full 2):
 PSYoungGen      total 15872K, used 15424K [0x00000000d5580000, 0x00000000d6f80000, 0x0000000100000000)
  eden space 14848K, 100% used [0x00000000d5580000,0x00000000d6400000,0x00000000d6400000)
  from space 1024K, 56% used [0x00000000d6400000,0x00000000d6490000,0x00000000d6500000)
  to   space 4096K, 0% used [0x00000000d6b80000,0x00000000d6b80000,0x00000000d6f80000)
 ParOldGen       total 68608K, used 34614K [0x0000000080000000, 0x0000000084300000, 0x00000000d5580000)
  object space 68608K, 50% used [0x0000000080000000,0x00000000821cd9b8,0x0000000084300000)
 Metaspace       used 50944K, committed 52160K, reserved 1114112K
  class space    used 5809K, committed 6272K, reserved 1048576K
}
Event: 42.383 GC heap after
{Heap after GC invocations=24 (full 2):
 PSYoungGen      total 15872K, used 672K [0x00000000d5580000, 0x00000000d6c80000, 0x0000000100000000)
  eden space 14848K, 0% used [0x00000000d5580000,0x00000000d5580000,0x00000000d6400000)
  from space 1024K, 65% used [0x00000000d6b80000,0x00000000d6c28000,0x00000000d6c80000)
  to   space 1536K, 0% used [0x00000000d6980000,0x00000000d6980000,0x00000000d6b00000)
 ParOldGen       total 68608K, used 35010K [0x0000000080000000, 0x0000000084300000, 0x00000000d5580000)
  object space 68608K, 51% used [0x0000000080000000,0x00000000822309c8,0x0000000084300000)
 Metaspace       used 50944K, committed 52160K, reserved 1114112K
  class space    used 5809K, committed 6272K, reserved 1048576K
}
Event: 42.911 GC heap before
{Heap before GC invocations=25 (full 2):
 PSYoungGen      total 15872K, used 15520K [0x00000000d5580000, 0x00000000d6c80000, 0x0000000100000000)
  eden space 14848K, 100% used [0x00000000d5580000,0x00000000d6400000,0x00000000d6400000)
  from space 1024K, 65% used [0x00000000d6b80000,0x00000000d6c28000,0x00000000d6c80000)
  to   space 1536K, 0% used [0x00000000d6980000,0x00000000d6980000,0x00000000d6b00000)
 ParOldGen       total 68608K, used 35010K [0x0000000080000000, 0x0000000084300000, 0x00000000d5580000)
  object space 68608K, 51% used [0x0000000080000000,0x00000000822309c8,0x0000000084300000)
 Metaspace       used 50972K, committed 52160K, reserved 1114112K
  class space    used 5810K, committed 6272K, reserved 1048576K
}
Event: 42.913 GC heap after
{Heap after GC invocations=25 (full 2):
 PSYoungGen      total 16384K, used 384K [0x00000000d5580000, 0x00000000d6c00000, 0x0000000100000000)
  eden space 14848K, 0% used [0x00000000d5580000,0x00000000d5580000,0x00000000d6400000)
  from space 1536K, 25% used [0x00000000d6980000,0x00000000d69e0000,0x00000000d6b00000)
  to   space 1024K, 0% used [0x00000000d6b00000,0x00000000d6b00000,0x00000000d6c00000)
 ParOldGen       total 68608K, used 35579K [0x0000000080000000, 0x0000000084300000, 0x00000000d5580000)
  object space 68608K, 51% used [0x0000000080000000,0x00000000822bed78,0x0000000084300000)
 Metaspace       used 50972K, committed 52160K, reserved 1114112K
  class space    used 5810K, committed 6272K, reserved 1048576K
}
Event: 44.122 GC heap before
{Heap before GC invocations=26 (full 2):
 PSYoungGen      total 16384K, used 15232K [0x00000000d5580000, 0x00000000d6c00000, 0x0000000100000000)
  eden space 14848K, 100% used [0x00000000d5580000,0x00000000d6400000,0x00000000d6400000)
  from space 1536K, 25% used [0x00000000d6980000,0x00000000d69e0000,0x00000000d6b00000)
  to   space 1024K, 0% used [0x00000000d6b00000,0x00000000d6b00000,0x00000000d6c00000)
 ParOldGen       total 68608K, used 35579K [0x0000000080000000, 0x0000000084300000, 0x00000000d5580000)
  object space 68608K, 51% used [0x0000000080000000,0x00000000822bed78,0x0000000084300000)
 Metaspace       used 50977K, committed 52160K, reserved 1114112K
  class space    used 5810K, committed 6272K, reserved 1048576K
}
Event: 44.124 GC heap after
{Heap after GC invocations=26 (full 2):
 PSYoungGen      total 15872K, used 544K [0x00000000d5580000, 0x00000000d6c00000, 0x0000000100000000)
  eden space 14848K, 0% used [0x00000000d5580000,0x00000000d5580000,0x00000000d6400000)
  from space 1024K, 53% used [0x00000000d6b00000,0x00000000d6b88000,0x00000000d6c00000)
  to   space 1024K, 0% used [0x00000000d6a00000,0x00000000d6a00000,0x00000000d6b00000)
 ParOldGen       total 68608K, used 35891K [0x0000000080000000, 0x0000000084300000, 0x00000000d5580000)
  object space 68608K, 52% used [0x0000000080000000,0x000000008230cd78,0x0000000084300000)
 Metaspace       used 50977K, committed 52160K, reserved 1114112K
  class space    used 5810K, committed 6272K, reserved 1048576K
}
Event: 45.167 GC heap before
{Heap before GC invocations=27 (full 2):
 PSYoungGen      total 15872K, used 15392K [0x00000000d5580000, 0x00000000d6c00000, 0x0000000100000000)
  eden space 14848K, 100% used [0x00000000d5580000,0x00000000d6400000,0x00000000d6400000)
  from space 1024K, 53% used [0x00000000d6b00000,0x00000000d6b88000,0x00000000d6c00000)
  to   space 1024K, 0% used [0x00000000d6a00000,0x00000000d6a00000,0x00000000d6b00000)
 ParOldGen       total 68608K, used 35891K [0x0000000080000000, 0x0000000084300000, 0x00000000d5580000)
  object space 68608K, 52% used [0x0000000080000000,0x000000008230cd78,0x0000000084300000)
 Metaspace       used 50977K, committed 52160K, reserved 1114112K
  class space    used 5810K, committed 6272K, reserved 1048576K
}
Event: 45.171 GC heap after
{Heap after GC invocations=27 (full 2):
 PSYoungGen      total 15872K, used 584K [0x00000000d5580000, 0x00000000d6b80000, 0x0000000100000000)
  eden space 14848K, 0% used [0x00000000d5580000,0x00000000d5580000,0x00000000d6400000)
  from space 1024K, 57% used [0x00000000d6a00000,0x00000000d6a92138,0x00000000d6b00000)
  to   space 512K, 0% used [0x00000000d6b00000,0x00000000d6b00000,0x00000000d6b80000)
 ParOldGen       total 68608K, used 36299K [0x0000000080000000, 0x0000000084300000, 0x00000000d5580000)
  object space 68608K, 52% used [0x0000000080000000,0x0000000082372d78,0x0000000084300000)
 Metaspace       used 50977K, committed 52160K, reserved 1114112K
  class space    used 5810K, committed 6272K, reserved 1048576K
}
Event: 45.683 GC heap before
{Heap before GC invocations=28 (full 2):
 PSYoungGen      total 15872K, used 15432K [0x00000000d5580000, 0x00000000d6b80000, 0x0000000100000000)
  eden space 14848K, 100% used [0x00000000d5580000,0x00000000d6400000,0x00000000d6400000)
  from space 1024K, 57% used [0x00000000d6a00000,0x00000000d6a92138,0x00000000d6b00000)
  to   space 512K, 0% used [0x00000000d6b00000,0x00000000d6b00000,0x00000000d6b80000)
 ParOldGen       total 68608K, used 36299K [0x0000000080000000, 0x0000000084300000, 0x00000000d5580000)
  object space 68608K, 52% used [0x0000000080000000,0x0000000082372d78,0x0000000084300000)
 Metaspace       used 51125K, committed 52352K, reserved 1114112K
  class space    used 5837K, committed 6336K, reserved 1048576K
}
Event: 45.687 GC heap after
{Heap after GC invocations=28 (full 2):
 PSYoungGen      total 15360K, used 511K [0x00000000d5580000, 0x00000000d6e00000, 0x0000000100000000)
  eden space 14848K, 0% used [0x00000000d5580000,0x00000000d5580000,0x00000000d6400000)
  from space 512K, 99% used [0x00000000d6b00000,0x00000000d6b7fed8,0x00000000d6b80000)
  to   space 5120K, 0% used [0x00000000d6400000,0x00000000d6400000,0x00000000d6900000)
 ParOldGen       total 68608K, used 39878K [0x0000000080000000, 0x0000000084300000, 0x00000000d5580000)
  object space 68608K, 58% used [0x0000000080000000,0x00000000826f1978,0x0000000084300000)
 Metaspace       used 51125K, committed 52352K, reserved 1114112K
  class space    used 5837K, committed 6336K, reserved 1048576K
}

Dll operation events (11 events):
Event: 0.073 Loaded shared library c:\Users\muzammil.ahmed\.vscode\extensions\redhat.java-1.55.0-win32-x64\jre\21.0.11-win32-x86_64\bin\java.dll
Event: 0.373 Loaded shared library c:\Users\muzammil.ahmed\.vscode\extensions\redhat.java-1.55.0-win32-x64\jre\21.0.11-win32-x86_64\bin\zip.dll
Event: 0.510 Loaded shared library C:\Users\muzammil.ahmed\.vscode\extensions\redhat.java-1.55.0-win32-x64\jre\21.0.11-win32-x86_64\bin\instrument.dll
Event: 0.604 Loaded shared library C:\Users\muzammil.ahmed\.vscode\extensions\redhat.java-1.55.0-win32-x64\jre\21.0.11-win32-x86_64\bin\net.dll
Event: 0.619 Loaded shared library C:\Users\muzammil.ahmed\.vscode\extensions\redhat.java-1.55.0-win32-x64\jre\21.0.11-win32-x86_64\bin\nio.dll
Event: 0.657 Loaded shared library C:\Users\muzammil.ahmed\.vscode\extensions\redhat.java-1.55.0-win32-x64\jre\21.0.11-win32-x86_64\bin\zip.dll
Event: 0.727 Loaded shared library C:\Users\muzammil.ahmed\.vscode\extensions\redhat.java-1.55.0-win32-x64\jre\21.0.11-win32-x86_64\bin\jimage.dll
Event: 1.172 Loaded shared library c:\Users\muzammil.ahmed\.vscode\extensions\redhat.java-1.55.0-win32-x64\jre\21.0.11-win32-x86_64\bin\verify.dll
Event: 8.625 Loaded shared library C:\Users\muzammil.ahmed\AppData\Roaming\Code\User\globalStorage\redhat.java\1.55.0\config_win\org.eclipse.equinox.launcher\org.eclipse.equinox.launcher.win32.win32.x86_64_1.3.100.v20260613-0559\eclipse_11924.dll
Event: 18.707 Loaded shared library C:\Users\muzammil.ahmed\AppData\Local\Temp\jna-1779486057\jna8154152449389650311.dll
Event: 40.111 Loaded shared library C:\Users\muzammil.ahmed\.gradle\native\1def1411415f61bf3af743bc5b6707747c0891f09f0c88961ee8f79bc544acac\windows-amd64\native-platform.dll

Deoptimization events (20 events):
Event: 42.440 Thread 0x000001ee214d1100 DEOPT PACKING pc=0x000001edcae29148 sp=0x0000007be6ffceb0
Event: 42.440 Thread 0x000001ee214d1100 DEOPT UNPACKING pc=0x000001edca823aa2 sp=0x0000007be6ffce58 mode 2
Event: 42.665 Thread 0x000001ee214d1100 DEOPT PACKING pc=0x000001edc3412106 sp=0x0000007be6ffd030
Event: 42.665 Thread 0x000001ee214d1100 DEOPT UNPACKING pc=0x000001edca824242 sp=0x0000007be6ffc518 mode 0
Event: 42.679 Thread 0x000001ee214d1100 DEOPT PACKING pc=0x000001edc3412106 sp=0x0000007be6ffcf20
Event: 42.679 Thread 0x000001ee214d1100 DEOPT UNPACKING pc=0x000001edca824242 sp=0x0000007be6ffc408 mode 0
Event: 42.726 Thread 0x000001ee214d1100 DEOPT PACKING pc=0x000001edc3412106 sp=0x0000007be6ffd190
Event: 42.726 Thread 0x000001ee214d1100 DEOPT UNPACKING pc=0x000001edca824242 sp=0x0000007be6ffc678 mode 0
Event: 45.141 Thread 0x000001ee214d1100 DEOPT PACKING pc=0x000001edc39af37b sp=0x0000007be6ffcf00
Event: 45.141 Thread 0x000001ee214d1100 DEOPT UNPACKING pc=0x000001edca824242 sp=0x0000007be6ffc370 mode 0
Event: 45.164 Thread 0x000001ee214d1100 Uncommon trap: trap_request=0xffffff45 fr.pc=0x000001edcb0de5c8 relative=0x0000000000000d88
Event: 45.164 Thread 0x000001ee214d1100 Uncommon trap: reason=unstable_if action=reinterpret pc=0x000001edcb0de5c8 method=java.util.zip.ZipFile$Source.isSignatureRelated(II)Z @ 143 c2
Event: 45.164 Thread 0x000001ee214d1100 DEOPT PACKING pc=0x000001edcb0de5c8 sp=0x0000007be6ffc7b0
Event: 45.164 Thread 0x000001ee214d1100 DEOPT UNPACKING pc=0x000001edca823aa2 sp=0x0000007be6ffc6d8 mode 2
Event: 45.205 Thread 0x000001ee214d1100 DEOPT PACKING pc=0x000001edc367d359 sp=0x0000007be6ffc6c0
Event: 45.205 Thread 0x000001ee214d1100 DEOPT UNPACKING pc=0x000001edca824242 sp=0x0000007be6ffbb48 mode 0
Event: 45.262 Thread 0x000001ee214d1100 DEOPT PACKING pc=0x000001edc3f45867 sp=0x0000007be6ffc730
Event: 45.262 Thread 0x000001ee214d1100 DEOPT UNPACKING pc=0x000001edca824242 sp=0x0000007be6ffbca0 mode 0
Event: 45.330 Thread 0x000001ee214d1100 DEOPT PACKING pc=0x000001edc3f45867 sp=0x0000007be6ffc730
Event: 45.330 Thread 0x000001ee214d1100 DEOPT UNPACKING pc=0x000001edca824242 sp=0x0000007be6ffbca0 mode 0

Classes loaded (20 events):
Event: 37.595 Loading class sun/util/resources/TimeZoneNames
Event: 37.600 Loading class sun/util/resources/TimeZoneNames done
Event: 37.601 Loading class sun/util/resources/TimeZoneNames_en
Event: 37.601 Loading class sun/util/resources/TimeZoneNames_en done
Event: 37.711 Loading class java/util/concurrent/CopyOnWriteArraySet
Event: 37.712 Loading class java/util/concurrent/CopyOnWriteArraySet done
Event: 37.839 Loading class java/util/concurrent/ArrayBlockingQueue
Event: 37.840 Loading class java/util/concurrent/ArrayBlockingQueue done
Event: 38.003 Loading class java/net/HttpURLConnection
Event: 38.004 Loading class java/net/HttpURLConnection done
Event: 38.017 Loading class java/io/FileFilter
Event: 38.017 Loading class java/io/FileFilter done
Event: 38.089 Loading class java/util/concurrent/ConcurrentHashMap$ValueSpliterator
Event: 38.090 Loading class java/util/concurrent/ConcurrentHashMap$ValueSpliterator done
Event: 38.093 Loading class jdk/internal/loader/BootLoader$PackageHelper
Event: 38.093 Loading class jdk/internal/loader/BootLoader$PackageHelper done
Event: 40.628 Loading class java/lang/Class$EnclosingMethodInfo
Event: 40.629 Loading class java/lang/Class$EnclosingMethodInfo done
Event: 45.947 Loading class java/lang/FunctionalInterface
Event: 45.948 Loading class java/lang/FunctionalInterface done

Classes unloaded (10 events):
Event: 21.340 Thread 0x000001edc013f240 Unloading class 0x000001edd81ab400 'java/lang/invoke/LambdaForm$MH+0x000001edd81ab400'
Event: 21.340 Thread 0x000001edc013f240 Unloading class 0x000001edd81ab000 'java/lang/invoke/LambdaForm$MH+0x000001edd81ab000'
Event: 21.340 Thread 0x000001edc013f240 Unloading class 0x000001edd81aac00 'java/lang/invoke/LambdaForm$MH+0x000001edd81aac00'
Event: 21.340 Thread 0x000001edc013f240 Unloading class 0x000001edd81aa800 'java/lang/invoke/LambdaForm$MH+0x000001edd81aa800'
Event: 21.340 Thread 0x000001edc013f240 Unloading class 0x000001edd81aa400 'java/lang/invoke/LambdaForm$BMH+0x000001edd81aa400'
Event: 21.340 Thread 0x000001edc013f240 Unloading class 0x000001edd81aa000 'java/lang/invoke/LambdaForm$DMH+0x000001edd81aa000'
Event: 21.340 Thread 0x000001edc013f240 Unloading class 0x000001edd81a8c00 'java/lang/invoke/LambdaForm$DMH+0x000001edd81a8c00'
Event: 25.936 Thread 0x000001edc013f240 Unloading class 0x000001edd82dac00 'java/lang/invoke/LambdaForm$MH+0x000001edd82dac00'
Event: 25.936 Thread 0x000001edc013f240 Unloading class 0x000001edd82da000 'java/lang/invoke/LambdaForm$MH+0x000001edd82da000'
Event: 25.936 Thread 0x000001edc013f240 Unloading class 0x000001edd82d9400 'java/lang/invoke/LambdaForm$DMH+0x000001edd82d9400'

Classes redefined (0 events):
No events

Internal exceptions (20 events):
Event: 36.335 Thread 0x000001ee197bf3e0 Exception <a 'sun/nio/fs/WindowsException'{0x00000000d5b78cf8}> (0x00000000d5b78cf8) 
thrown [s\src\hotspot\share\prims\jni.cpp, line 520]
Event: 36.336 Thread 0x000001ee197bf3e0 Exception <a 'sun/nio/fs/WindowsException'{0x00000000d5b7cb10}> (0x00000000d5b7cb10) 
thrown [s\src\hotspot\share\prims\jni.cpp, line 520]
Event: 36.336 Thread 0x000001ee197bf3e0 Exception <a 'sun/nio/fs/WindowsException'{0x00000000d5b7d0d8}> (0x00000000d5b7d0d8) 
thrown [s\src\hotspot\share\prims\jni.cpp, line 520]
Event: 36.336 Thread 0x000001ee197bf3e0 Exception <a 'sun/nio/fs/WindowsException'{0x00000000d5b7d6a8}> (0x00000000d5b7d6a8) 
thrown [s\src\hotspot\share\prims\jni.cpp, line 520]
Event: 36.336 Thread 0x000001ee197bf3e0 Exception <a 'sun/nio/fs/WindowsException'{0x00000000d5b7dc88}> (0x00000000d5b7dc88) 
thrown [s\src\hotspot\share\prims\jni.cpp, line 520]
Event: 37.249 Thread 0x000001ee197bf3e0 Exception <a 'sun/nio/fs/WindowsException'{0x00000000d6303250}> (0x00000000d6303250) 
thrown [s\src\hotspot\share\prims\jni.cpp, line 520]
Event: 37.250 Thread 0x000001ee197bf3e0 Exception <a 'sun/nio/fs/WindowsException'{0x00000000d6303840}> (0x00000000d6303840) 
thrown [s\src\hotspot\share\prims\jni.cpp, line 520]
Event: 37.250 Thread 0x000001ee197bf3e0 Exception <a 'sun/nio/fs/WindowsException'{0x00000000d6316688}> (0x00000000d6316688) 
thrown [s\src\hotspot\share\prims\jni.cpp, line 520]
Event: 37.250 Thread 0x000001ee197bf3e0 Exception <a 'sun/nio/fs/WindowsException'{0x00000000d6316c90}> (0x00000000d6316c90) 
thrown [s\src\hotspot\share\prims\jni.cpp, line 520]
Event: 37.250 Thread 0x000001ee197bf3e0 Exception <a 'sun/nio/fs/WindowsException'{0x00000000d631a9f0}> (0x00000000d631a9f0) 
thrown [s\src\hotspot\share\prims\jni.cpp, line 520]
Event: 37.250 Thread 0x000001ee197bf3e0 Exception <a 'sun/nio/fs/WindowsException'{0x00000000d631afa0}> (0x00000000d631afa0) 
thrown [s\src\hotspot\share\prims\jni.cpp, line 520]
Event: 37.250 Thread 0x000001ee197bf3e0 Exception <a 'sun/nio/fs/WindowsException'{0x00000000d631b550}> (0x00000000d631b550) 
thrown [s\src\hotspot\share\prims\jni.cpp, line 520]
Event: 37.251 Thread 0x000001ee197bf3e0 Exception <a 'sun/nio/fs/WindowsException'{0x00000000d631bb20}> (0x00000000d631bb20) 
thrown [s\src\hotspot\share\prims\jni.cpp, line 520]
Event: 37.253 Thread 0x000001ee197bf3e0 Exception <a 'sun/nio/fs/WindowsException'{0x00000000d631f628}> (0x00000000d631f628) 
thrown [s\src\hotspot\share\prims\jni.cpp, line 520]
Event: 37.253 Thread 0x000001ee197bf3e0 Exception <a 'sun/nio/fs/WindowsException'{0x00000000d631fbf0}> (0x00000000d631fbf0) 
thrown [s\src\hotspot\share\prims\jni.cpp, line 520]
Event: 37.253 Thread 0x000001ee197bf3e0 Exception <a 'sun/nio/fs/WindowsException'{0x00000000d63201c0}> (0x00000000d63201c0) 
thrown [s\src\hotspot\share\prims\jni.cpp, line 520]
Event: 37.253 Thread 0x000001ee197bf3e0 Exception <a 'sun/nio/fs/WindowsException'{0x00000000d63207a0}> (0x00000000d63207a0) 
thrown [s\src\hotspot\share\prims\jni.cpp, line 520]
Event: 37.718 Thread 0x000001ee197bf3e0 Exception <a 'java/lang/NoSuchMethodError'{0x00000000d5662d18}: 'java.lang.Object java.lang.invoke.DirectMethodHandle$Holder.invokeVirtual(java.lang.Object, java.lang.Object, java.lang.Object, java.lang.Object)'> (0x00000000d5662d18) 
thrown [s\src\hotspot\share\interpreter\linkResolver.cpp, line 773]
Event: 37.728 Thread 0x000001ee197bf3e0 Exception <a 'java/lang/NoSuchMethodError'{0x00000000d5685140}: 'java.lang.Object java.lang.invoke.DirectMethodHandle$Holder.invokeVirtual(java.lang.Object, java.lang.Object, java.lang.Object, java.lang.Object, java.lang.Object)'> (0x00000000d5685140) 
thrown [s\src\hotspot\share\interpreter\linkResolver.cpp, line 773]
Event: 46.255 Thread 0x000001ee214d1100 Exception <a 'java/lang/NoSuchMethodError'{0x00000000d60c0738}: 'java.lang.Object java.lang.invoke.DirectMethodHandle$Holder.invokeVirtual(java.lang.Object, java.lang.Object, java.lang.Object, java.lang.Object, java.lang.Object, java.lang.Object)'> (0x00000000d60c0738) 
thrown [s\src\hotspot\share\interpreter\linkResolver.cpp, line 773]

ZGC Phase Switch (0 events):
No events

VM Operations (20 events):
Event: 39.732 Executing safepoint VM operation: Cleanup
Event: 39.732 Executing safepoint VM operation: Cleanup done
Event: 40.732 Executing safepoint VM operation: Cleanup
Event: 40.787 Executing safepoint VM operation: Cleanup done
Event: 41.087 Executing safepoint VM operation: ParallelGCFailedAllocation (Allocation Failure)
Event: 41.091 Executing safepoint VM operation: ParallelGCFailedAllocation (Allocation Failure) done
Event: 42.379 Executing safepoint VM operation: ParallelGCFailedAllocation (Allocation Failure)
Event: 42.383 Executing safepoint VM operation: ParallelGCFailedAllocation (Allocation Failure) done
Event: 42.911 Executing safepoint VM operation: ParallelGCFailedAllocation (Allocation Failure)
Event: 42.913 Executing safepoint VM operation: ParallelGCFailedAllocation (Allocation Failure) done
Event: 43.913 Executing safepoint VM operation: Cleanup
Event: 43.913 Executing safepoint VM operation: Cleanup done
Event: 44.122 Executing safepoint VM operation: ParallelGCFailedAllocation (Allocation Failure)
Event: 44.124 Executing safepoint VM operation: ParallelGCFailedAllocation (Allocation Failure) done
Event: 45.167 Executing safepoint VM operation: ParallelGCFailedAllocation (Allocation Failure)
Event: 45.171 Executing safepoint VM operation: ParallelGCFailedAllocation (Allocation Failure) done
Event: 45.683 Executing safepoint VM operation: ParallelGCFailedAllocation (Allocation Failure)
Event: 45.687 Executing safepoint VM operation: ParallelGCFailedAllocation (Allocation Failure) done
Event: 46.185 Executing non-safepoint VM operation: HandshakeAllThreads (Deoptimize)
Event: 46.185 Executing non-safepoint VM operation: HandshakeAllThreads (Deoptimize) done

Memory protections (0 events):
No events

Nmethod flushes (20 events):
Event: 25.958 Thread 0x000001edc013f240 flushing  nmethod 0x000001edc38eb090
Event: 25.958 Thread 0x000001edc013f240 flushing  nmethod 0x000001edc38eb890
Event: 25.958 Thread 0x000001edc013f240 flushing  nmethod 0x000001edc38ec010
Event: 25.958 Thread 0x000001edc013f240 flushing  nmethod 0x000001edc38ed590
Event: 25.958 Thread 0x000001edc013f240 flushing  nmethod 0x000001edc38eda90
Event: 25.958 Thread 0x000001edc013f240 flushing  nmethod 0x000001edc38ee390
Event: 25.958 Thread 0x000001edc013f240 flushing  nmethod 0x000001edc38ee810
Event: 25.958 Thread 0x000001edc013f240 flushing  nmethod 0x000001edc38ef390
Event: 25.958 Thread 0x000001edc013f240 flushing  nmethod 0x000001edc38f0a10
Event: 25.958 Thread 0x000001edc013f240 flushing  nmethod 0x000001edc38f0d10
Event: 25.958 Thread 0x000001edc013f240 flushing  nmethod 0x000001edc38f9d10
Event: 25.958 Thread 0x000001edc013f240 flushing  nmethod 0x000001edc38faa10
Event: 25.958 Thread 0x000001edc013f240 flushing  nmethod 0x000001edc3919610
Event: 25.958 Thread 0x000001edc013f240 flushing  nmethod 0x000001edc392fb10
Event: 25.958 Thread 0x000001edc013f240 flushing  nmethod 0x000001edc3934490
Event: 25.958 Thread 0x000001edc013f240 flushing  nmethod 0x000001edc393c710
Event: 25.958 Thread 0x000001edc013f240 flushing  nmethod 0x000001edc398b690
Event: 25.958 Thread 0x000001edc013f240 flushing  nmethod 0x000001edc39b0810
Event: 25.958 Thread 0x000001edc013f240 flushing  nmethod 0x000001edc39c2d90
Event: 25.958 Thread 0x000001edc013f240 flushing  nmethod 0x000001edc39e9490

Events (20 events):
Event: 26.596 Thread 0x000001edc00a25b0 Thread added: 0x000001ee214d3860
Event: 27.805 Thread 0x000001edc00a25b0 Thread added: 0x000001ee214d2b40
Event: 27.806 Thread 0x000001edc00a25b0 Thread added: 0x000001ee214d31d0
Event: 30.742 Thread 0x000001ee1eed87f0 Thread exited: 0x000001ee1eed87f0
Event: 31.449 Thread 0x000001ee1fbc0840 Thread exited: 0x000001ee1fbc0840
Event: 31.604 Thread 0x000001ee19360720 Thread added: 0x000001ee1eed87f0
Event: 32.074 Thread 0x000001ee197bfa70 Thread added: 0x000001ee214d03e0
Event: 32.096 Thread 0x000001ee214d03e0 Thread added: 0x000001ee214d1e20
Event: 32.176 Thread 0x000001ee19360720 Thread added: 0x000001ee23313ad0
Event: 32.550 Thread 0x000001ee23313ad0 Thread exited: 0x000001ee23313ad0
Event: 32.882 Thread 0x000001ee1eed87f0 Thread exited: 0x000001ee1eed87f0
Event: 33.878 Thread 0x000001ee197bf3e0 Thread added: 0x000001ee214d24b0
Event: 37.233 Thread 0x000001ee19360720 Thread added: 0x000001ee22a2c6f0
Event: 37.590 Thread 0x000001ee197bf3e0 Thread added: 0x000001ee214d0a70
Event: 37.719 Thread 0x000001ee22a2c6f0 Thread exited: 0x000001ee22a2c6f0
Event: 37.899 Thread 0x000001ee197bf3e0 Thread added: 0x000001ee214d1100
Event: 40.650 Thread 0x000001ee19360720 Thread added: 0x000001ee19dae480
Event: 40.999 Thread 0x000001ee19dae480 Thread exited: 0x000001ee19dae480
Event: 42.513 Thread 0x000001ee19360720 Thread added: 0x000001ee1f072020
Event: 43.609 Thread 0x000001ee1f072020 Thread exited: 0x000001ee1f072020


Dynamic libraries:
0x00007ff703120000 - 0x00007ff70312e000 	c:\Users\muzammil.ahmed\.vscode\extensions\redhat.java-1.55.0-win32-x64\jre\21.0.11-win32-x86_64\bin\java.exe
0x00007ffd50fc0000 - 0x00007ffd51226000 	C:\WINDOWS\SYSTEM32\ntdll.dll
0x00007ffd50530000 - 0x00007ffd505f9000 	C:\WINDOWS\System32\KERNEL32.DLL
0x00007ffd4e3f0000 - 0x00007ffd4e7f0000 	C:\WINDOWS\System32\KERNELBASE.dll
0x00007ffd4a010000 - 0x00007ffd4a028000 	c:\Users\muzammil.ahmed\.vscode\extensions\redhat.java-1.55.0-win32-x64\jre\21.0.11-win32-x86_64\bin\jli.dll
0x00007ffd4a350000 - 0x00007ffd4a36e000 	c:\Users\muzammil.ahmed\.vscode\extensions\redhat.java-1.55.0-win32-x64\jre\21.0.11-win32-x86_64\bin\VCRUNTIME140.dll
0x00007ffd50360000 - 0x00007ffd50527000 	C:\WINDOWS\System32\USER32.dll
0x00007ffd4e3c0000 - 0x00007ffd4e3e7000 	C:\WINDOWS\System32\win32u.dll
0x00007ffd4fbc0000 - 0x00007ffd4fbeb000 	C:\WINDOWS\System32\GDI32.dll
0x00007ffd4e9f0000 - 0x00007ffd4eb3c000 	C:\WINDOWS\System32\ucrtbase.dll
0x00007ffd4e8c0000 - 0x00007ffd4e9e9000 	C:\WINDOWS\System32\gdi32full.dll
0x00007ffd4ec10000 - 0x00007ffd4ecb3000 	C:\WINDOWS\System32\msvcp_win.dll
0x00007ffd40840000 - 0x00007ffd40ad2000 	C:\WINDOWS\WinSxS\amd64_microsoft.windows.common-controls_6595b64144ccf1df_6.0.26100.8737_none_3e092eaee333b772\COMCTL32.dll
0x00007ffd50600000 - 0x00007ffd506a9000 	C:\WINDOWS\System32\msvcrt.dll
0x00007ffd4fa80000 - 0x00007ffd4fab2000 	C:\WINDOWS\System32\IMM32.DLL
0x00007ffd4a460000 - 0x00007ffd4a46c000 	c:\Users\muzammil.ahmed\.vscode\extensions\redhat.java-1.55.0-win32-x64\jre\21.0.11-win32-x86_64\bin\vcruntime140_1.dll
0x00007ffd2c080000 - 0x00007ffd2c10d000 	c:\Users\muzammil.ahmed\.vscode\extensions\redhat.java-1.55.0-win32-x64\jre\21.0.11-win32-x86_64\bin\msvcp140.dll
0x00007ffc73b70000 - 0x00007ffc74912000 	c:\Users\muzammil.ahmed\.vscode\extensions\redhat.java-1.55.0-win32-x64\jre\21.0.11-win32-x86_64\bin\server\jvm.dll
0x00007ffd50bf0000 - 0x00007ffd50ca7000 	C:\WINDOWS\System32\ADVAPI32.dll
0x00007ffd50ea0000 - 0x00007ffd50f4a000 	C:\WINDOWS\System32\sechost.dll
0x00007ffd50150000 - 0x00007ffd50268000 	C:\WINDOWS\System32\RPCRT4.dll
0x00007ffd50a60000 - 0x00007ffd50ae0000 	C:\WINDOWS\System32\WS2_32.dll
0x00007ffd4e010000 - 0x00007ffd4e06e000 	C:\WINDOWS\SYSTEM32\POWRPROF.dll
0x00007ffd44be0000 - 0x00007ffd44beb000 	C:\WINDOWS\SYSTEM32\VERSION.dll
0x00007ffd422c0000 - 0x00007ffd422f6000 	C:\WINDOWS\SYSTEM32\WINMM.dll
0x00007ffd4dff0000 - 0x00007ffd4e004000 	C:\WINDOWS\SYSTEM32\UMPDC.dll
0x00007ffd4ce50000 - 0x00007ffd4ce6b000 	C:\WINDOWS\SYSTEM32\kernel.appcore.dll
0x00007ffd4a000000 - 0x00007ffd4a00a000 	c:\Users\muzammil.ahmed\.vscode\extensions\redhat.java-1.55.0-win32-x64\jre\21.0.11-win32-x86_64\bin\jimage.dll
0x00007ffd4b4b0000 - 0x00007ffd4b6f2000 	C:\WINDOWS\SYSTEM32\DBGHELP.DLL
0x00007ffd506b0000 - 0x00007ffd50a33000 	C:\WINDOWS\System32\combase.dll
0x00007ffd4f990000 - 0x00007ffd4fa69000 	C:\WINDOWS\System32\OLEAUT32.dll
0x00007ffd40800000 - 0x00007ffd4083b000 	C:\WINDOWS\SYSTEM32\dbgcore.DLL
0x00007ffd4eb50000 - 0x00007ffd4ebfc000 	C:\WINDOWS\System32\bcryptPrimitives.dll
0x00007ffd49fc0000 - 0x00007ffd49fcf000 	c:\Users\muzammil.ahmed\.vscode\extensions\redhat.java-1.55.0-win32-x64\jre\21.0.11-win32-x86_64\bin\instrument.dll
0x00007ffd446e0000 - 0x00007ffd44700000 	c:\Users\muzammil.ahmed\.vscode\extensions\redhat.java-1.55.0-win32-x64\jre\21.0.11-win32-x86_64\bin\java.dll
0x00007ffd4f1f0000 - 0x00007ffd4f982000 	C:\WINDOWS\System32\SHELL32.dll
0x00007ffd4bb40000 - 0x00007ffd4c3d2000 	C:\WINDOWS\SYSTEM32\windows.storage.dll
0x00007ffd4fac0000 - 0x00007ffd4fbb7000 	C:\WINDOWS\System32\SHCORE.dll
0x00007ffd50b80000 - 0x00007ffd50be7000 	C:\WINDOWS\System32\shlwapi.dll
0x00007ffd4e0d0000 - 0x00007ffd4e0f9000 	C:\WINDOWS\SYSTEM32\profapi.dll
0x00007ffd3ea20000 - 0x00007ffd3ea38000 	c:\Users\muzammil.ahmed\.vscode\extensions\redhat.java-1.55.0-win32-x64\jre\21.0.11-win32-x86_64\bin\zip.dll
0x00007ffd49fb0000 - 0x00007ffd49fc0000 	C:\Users\muzammil.ahmed\.vscode\extensions\redhat.java-1.55.0-win32-x64\jre\21.0.11-win32-x86_64\bin\net.dll
0x00007ffd46c00000 - 0x00007ffd46d29000 	C:\WINDOWS\SYSTEM32\WINHTTP.dll
0x00007ffd4d3e0000 - 0x00007ffd4d44c000 	C:\WINDOWS\system32\mswsock.dll
0x00007ffd37330000 - 0x00007ffd37346000 	C:\Users\muzammil.ahmed\.vscode\extensions\redhat.java-1.55.0-win32-x64\jre\21.0.11-win32-x86_64\bin\nio.dll
0x00007ffd49ef0000 - 0x00007ffd49f00000 	c:\Users\muzammil.ahmed\.vscode\extensions\redhat.java-1.55.0-win32-x64\jre\21.0.11-win32-x86_64\bin\verify.dll
0x00007ffd29e90000 - 0x00007ffd29ed5000 	C:\Users\muzammil.ahmed\AppData\Roaming\Code\User\globalStorage\redhat.java\1.55.0\config_win\org.eclipse.equinox.launcher\org.eclipse.equinox.launcher.win32.win32.x86_64_1.3.100.v20260613-0559\eclipse_11924.dll
0x00007ffd4ffb0000 - 0x00007ffd50149000 	C:\WINDOWS\System32\ole32.dll
0x00007ffd4d810000 - 0x00007ffd4d82b000 	C:\WINDOWS\SYSTEM32\CRYPTSP.dll
0x00007ffd4cdb0000 - 0x00007ffd4cde9000 	C:\WINDOWS\system32\rsaenh.dll
0x00007ffd4d4a0000 - 0x00007ffd4d4d2000 	C:\WINDOWS\SYSTEM32\USERENV.dll
0x00007ffd4e0a0000 - 0x00007ffd4e0ca000 	C:\WINDOWS\SYSTEM32\bcrypt.dll
0x00007ffd4d650000 - 0x00007ffd4d65c000 	C:\WINDOWS\SYSTEM32\CRYPTBASE.dll
0x00007ffd4c630000 - 0x00007ffd4c663000 	C:\WINDOWS\SYSTEM32\IPHLPAPI.DLL
0x00007ffd50cb0000 - 0x00007ffd50cba000 	C:\WINDOWS\System32\NSI.dll
0x00007ffd2d560000 - 0x00007ffd2d5a9000 	C:\Users\muzammil.ahmed\AppData\Local\Temp\jna-1779486057\jna8154152449389650311.dll
0x00007ffd4fa70000 - 0x00007ffd4fa78000 	C:\WINDOWS\System32\PSAPI.DLL
0x00007ffd47390000 - 0x00007ffd473ad000 	C:\WINDOWS\SYSTEM32\dhcpcsvc6.DLL
0x00007ffd472e0000 - 0x00007ffd47305000 	C:\WINDOWS\SYSTEM32\dhcpcsvc.DLL
0x00007ffd4a3f0000 - 0x00007ffd4a417000 	C:\Users\muzammil.ahmed\.gradle\native\1def1411415f61bf3af743bc5b6707747c0891f09f0c88961ee8f79bc544acac\windows-amd64\native-platform.dll

JVMTI agents:
c:\Users\muzammil.ahmed\.vscode\extensions\redhat.java-1.55.0-win32-x64\lombok\lombok-1.18.39-4050.jar path:c:\Users\muzammil.ahmed\.vscode\extensions\redhat.java-1.55.0-win32-x64\jre\21.0.11-win32-x86_64\bin\instrument.dll, loaded, initialized, instrumentlib options:none

dbghelp: loaded successfully - version: 4.0.5 - missing functions: none
symbol engine: initialized successfully - sym options: 0x614 - pdb path: .;c:\Users\muzammil.ahmed\.vscode\extensions\redhat.java-1.55.0-win32-x64\jre\21.0.11-win32-x86_64\bin;C:\WINDOWS\SYSTEM32;C:\WINDOWS\WinSxS\amd64_microsoft.windows.common-controls_6595b64144ccf1df_6.0.26100.8737_none_3e092eaee333b772;c:\Users\muzammil.ahmed\.vscode\extensions\redhat.java-1.55.0-win32-x64\jre\21.0.11-win32-x86_64\bin\server;C:\Users\muzammil.ahmed\AppData\Roaming\Code\User\globalStorage\redhat.java\1.55.0\config_win\org.eclipse.equinox.launcher\org.eclipse.equinox.launcher.win32.win32.x86_64_1.3.100.v20260613-0559;C:\Users\muzammil.ahmed\AppData\Local\Temp\jna-1779486057;C:\Users\muzammil.ahmed\.gradle\native\1def1411415f61bf3af743bc5b6707747c0891f09f0c88961ee8f79bc544acac\windows-amd64

VM Arguments:
jvm_args: --add-modules=ALL-SYSTEM --add-opens=java.base/java.util=ALL-UNNAMED --add-opens=java.base/java.lang=ALL-UNNAMED --add-opens=java.base/sun.nio.fs=ALL-UNNAMED -Declipse.application=org.eclipse.jdt.ls.core.id1 -Dosgi.bundles.defaultStartLevel=4 -Declipse.product=org.eclipse.jdt.ls.core.product -Djava.import.generatesMetadataFilesAtProjectRoot=false -DDetectVMInstallationsJob.disabled=true -Dfile.encoding=utf8 -XX:+UseParallelGC -XX:GCTimeRatio=4 -XX:AdaptiveSizePolicyWeight=90 -Dsun.zip.disableMemoryMapping=true -Xmx2G -Xms100m -Xlog:disable -javaagent:c:\Users\muzammil.ahmed\.vscode\extensions\redhat.java-1.55.0-win32-x64\lombok\lombok-1.18.39-4050.jar -XX:+HeapDumpOnOutOfMemoryError -XX:HeapDumpPath=c:\Users\muzammil.ahmed\AppData\Roaming\Code\User\workspaceStorage\7e75b725c8ccc7249337d78f959017cf\redhat.java -Daether.dependencyCollector.impl=bf 
java_command: c:\Users\muzammil.ahmed\.vscode\extensions\redhat.java-1.55.0-win32-x64\server\plugins\org.eclipse.equinox.launcher_1.7.200.v20260619-2039.jar -configuration c:\Users\muzammil.ahmed\AppData\Roaming\Code\User\globalStorage\redhat.java\1.55.0\config_win -data c:\Users\muzammil.ahmed\AppData\Roaming\Code\User\workspaceStorage\7e75b725c8ccc7249337d78f959017cf\redhat.java\jdt_ws --pipe=\\.\pipe\lsp-d1a587ab5df226db52303b8d448d0abf-sock
java_class_path (initial): c:\Users\muzammil.ahmed\.vscode\extensions\redhat.java-1.55.0-win32-x64\server\plugins\org.eclipse.equinox.launcher_1.7.200.v20260619-2039.jar
Launcher Type: SUN_STANDARD

[Global flags]
    uintx AdaptiveSizePolicyWeight                 = 90                                        {product} {command line}
     intx CICompilerCount                          = 4                                         {product} {ergonomic}
    uintx GCTimeRatio                              = 4                                         {product} {command line}
     bool HeapDumpOnOutOfMemoryError               = true                                   {manageable} {command line}
    ccstr HeapDumpPath                             = c:\Users\muzammil.ahmed\AppData\Roaming\Code\User\workspaceStorage\7e75b725c8ccc7249337d78f959017cf\redhat.java         {manageable} {command line}
   size_t InitialHeapSize                          = 104857600                                 {product} {command line}
   size_t MaxHeapSize                              = 2147483648                                {product} {command line}
   size_t MaxNewSize                               = 715653120                                 {product} {ergonomic}
   size_t MinHeapDeltaBytes                        = 524288                                    {product} {ergonomic}
   size_t MinHeapSize                              = 104857600                                 {product} {command line}
   size_t NewSize                                  = 34603008                                  {product} {ergonomic}
    uintx NonNMethodCodeHeapSize                   = 5839372                                {pd product} {ergonomic}
    uintx NonProfiledCodeHeapSize                  = 122909434                              {pd product} {ergonomic}
   size_t OldSize                                  = 70254592                                  {product} {ergonomic}
    uintx ProfiledCodeHeapSize                     = 122909434                              {pd product} {ergonomic}
    uintx ReservedCodeCacheSize                    = 251658240                              {pd product} {ergonomic}
     bool SegmentedCodeCache                       = true                                      {product} {ergonomic}
   size_t SoftMaxHeapSize                          = 2147483648                             {manageable} {ergonomic}
     bool UseCompressedOops                        = true                           {product lp64_product} {ergonomic}
     bool UseLargePagesIndividualAllocation        = false                                  {pd product} {ergonomic}
     bool UseParallelGC                            = true                                      {product} {command line}

Logging:
Log output configuration:
 #0: stdout all=off uptime,level,tags foldmultilines=false
 #1: stderr all=off uptime,level,tags foldmultilines=false

Release file:
JAVA_VERSION="21.0.11" 
MODULES="java.base java.compiler java.datatransfer java.xml java.prefs java.desktop java.instrument java.logging java.management java.security.sasl java.naming java.rmi java.management.rmi java.net.http java.scripting java.security.jgss java.transaction.xa java.sql java.sql.rowset java.xml.crypto java.se java.smartcardio jdk.accessibility jdk.internal.jvmstat jdk.attach jdk.charsets jdk.internal.opt jdk.zipfs jdk.compiler jdk.crypto.ec jdk.crypto.cryptoki jdk.crypto.mscapi jdk.dynalink jdk.internal.ed jdk.editpad jdk.hotspot.agent jdk.httpserver jdk.internal.le jdk.internal.vm.ci jdk.internal.vm.compiler jdk.internal.vm.compiler.management jdk.jartool jdk.javadoc jdk.jcmd jdk.management jdk.management.agent jdk.jconsole jdk.jdeps jdk.jdwp.agent jdk.jdi jdk.jfr jdk.jshell jdk.jsobject jdk.jstatd jdk.localedata jdk.management.jfr jdk.naming.dns jdk.naming.rmi jdk.net jdk.nio.mapmode jdk.random jdk.sctp jdk.security.auth jdk.security.jgss jdk.unsupported jdk.unsupported.desktop jdk.xml.dom" 

Environment Variables:
JAVA_HOME=C:\Program Files\Microsoft\jdk-21.0.11.10-hotspot
PATH=C:\Program Files\Microsoft\jdk-21.0.11.10-hotspot\bin;C:\Python311\Scripts\;C:\Python311\;C:\WINDOWS\system32;C:\WINDOWS;C:\WINDOWS\System32\Wbem;C:\WINDOWS\System32\WindowsPowerShell\v1.0\;C:\WINDOWS\System32\OpenSSH\;C:\ProgramData\chocolatey\bin;C:\Program Files\Git\cmd;C:\Program Files\Git\bin;C:\Program Files\Git\usr\bin;C:\Program Files\Docker\Docker\resources\bin;C:\Program Files\nodejs\;C:\Users\muzammil.ahmed\AppData\Local\nvm;C:\nvm4w\nodejs;C:\Program Files\dotnet\;C:\Program Files\MongoDB\Server\8.0\bin;C:\Users\muzammil.ahmed\AppData\Local\Programs\Microsoft VS Code\bin;C:\ffmpeg\bin;C:\Program Files\eSpeak;C:\Program Files\eSpeak\command_line;C:\Program Files\Apache\Maven\apache-maven-3.9.12\bin;C:\Program Files\Neovim\bin;C:\Users\muzammil.ahmed\AppData\Local\Programs\Python\Python310\Scripts\;C:\Users\muzammil.ahmed\AppData\Local\Programs\Python\Python310\;C:\Users\muzammil.ahmed\AppData\Local\Programs\Python\Python313\Scripts\;C:\Users\muzammil.ahmed\AppData\Local\Programs\Python\Python313\;C:\Python311\Scripts\;C:\Python311\;C:\Windows\system32;C:\Windows;C:\Windows\System32\Wbem;C:\Windows\System32\WindowsPowerShell\v1.0\;C:\Windows\System32\OpenSSH\;C:\ProgramData\chocolatey\bin;C:\Program Files\Git\cmd;C:\Program Files\Git\bin;C:\Program Files\Git\usr\bin;C:\Program Files\Docker\Docker\resources\bin;C:\Program Files\nodejs\;C:\Users\muzammil.ahmed\AppData\Local\nvm;C:\nvm4w\nodejs;C:\Program Files\dotnet\;C:\Users\muzammil.ahmed\AppData\Local\pnpm;C:\Users\muzammil.ahmed\AppData\Local\Microsoft\WindowsApps;C:\Users\muzammil.ahmed\AppData\Local\GitHubDesktop\bin;C:\Users\muzammil.ahmed\AppData\Local\Programs\mongosh\;C:\Users\muzammil.ahmed\AppData\Roaming\npm;C:\Users\muzammil.ahmed\AppData\Local\Programs\Ollama;C:\Users\muzammil.ahmed\AppData\Local\Microsoft\WindowsApps;C:\Users\muzammil.ahmed\AppData\Local\Google\Cloud SDK\google-cloud-sdk\bin;C:\Users\muzammil.ahmed\AppData\Local\Programs\Antigravity\bin;C:\Users\muzammil.ahmed\.lmstudio\bin;C:\Users\muzammil.ahmed\AppData\Local\Programs\Microsoft VS Code\bin
USERNAME=Muzammil.Ahmed
OS=Windows_NT
PROCESSOR_IDENTIFIER=Intel64 Family 6 Model 142 Stepping 12, GenuineIntel
TMP=C:\Users\MUZAMM~1.AHM\AppData\Local\Temp
TEMP=C:\Users\MUZAMM~1.AHM\AppData\Local\Temp




Periodic native trim disabled

---------------  S Y S T E M  ---------------

OS:
 Windows 11 , 64 bit Build 26100 (10.0.26100.8737)
OS uptime: 0 days 17:05 hours
Hyper-V role detected

CPU: total 8 (initial active 8) (4 cores per cpu, 2 threads per core) family 6 model 142 stepping 12 microcode 0xfa, cx8, cmov, fxsr, ht, mmx, 3dnowpref, sse, sse2, sse3, ssse3, sse4.1, sse4.2, popcnt, lzcnt, tsc, tscinvbit, avx, avx2, aes, erms, clmul, bmi1, bmi2, adx, fma, vzeroupper, clflush, clflushopt, hv, rdtscp, f16c
Processor Information for the first 8 processors :
  Max Mhz: 2208, Current Mhz: 1706, Mhz Limit: 1700

Memory: 4k page, system-wide physical 16103M (591M free)
TotalPageFile size 30459M (AvailPageFile size 291M)
current process WorkingSet (physical memory assigned to process): 232M, peak: 249M
current process commit charge ("private bytes"): 337M, peak: 372M

vm_info: OpenJDK 64-Bit Server VM (21.0.11+10-LTS) for windows-amd64 JRE (21.0.11+10-LTS), built on 2026-04-21T00:00:00Z by "admin" with MS VC++ 17.12 (VS2022)

END.
